id,name,read,pattern,sequence,feature_type,target_gene_id,target_gene_name
LUC_474,LUC_474,R2,(BC)GTTTAAGAGCTATGCTGGAA,GATTCTAAAACGGATTACCA,CRISPR Guide Capture,Non-Targeting,Non-Targeting
GFP_359,GFP_359,R2,(BC)GTTTAAGAGCTATGCTGGAA,TAACTCGATTCTATTAACAA,CRISPR Guide Capture,Non-Targeting,Non-Targeting
Ren_55,Ren_55,R2,(BC)GTTTAAGAGCTATGCTGGAA,GGATGATAACTGGTCCGCAG,CRISPR Guide Capture,Non-Targeting,Non-Targeting
tRFP657_294,tRFP657_294,R2,(BC)GTTTAAGAGCTATGCTGGAA,GTCACCACATACGAAGACGG,CRISPR Guide Capture,Non-Targeting,Non-Targeting
Rosa26,Rosa26,R2,(BC)GTTTAAGAGCTATGCTGGAA,GAAGATGGGCGGGAGTCTTC,CRISPR Guide Capture,Non-Targeting,Non-Targeting
mRpa3_e1.1,mRpa3_e1.1,R2,(BC)GTTTAAGAGCTATGCTGGAA,ACGGGCCGGTCGATATACTG,CRISPR Guide Capture,Non-Targeting,Non-Targeting
mRpa3_e1.2,mRpa3_e1.2,R2,(BC)GTTTAAGAGCTATGCTGGAA,GACCGGCCCGTGTGCTTCGT,CRISPR Guide Capture,Non-Targeting,Non-Targeting
mRpa3_e1.3,mRpa3_e1.3,R2,(BC)GTTTAAGAGCTATGCTGGAA,GCTGGCGTTGACGCGCGCTT,CRISPR Guide Capture,Non-Targeting,Non-Targeting
Ms_Dot1l_35_+,Ms_Dot1l_35_+,R2,(BC)GTTTAAGAGCTATGCTGGAA,GCTGAGGCTCAAGTCGCCTG,CRISPR Guide Capture,ENSMUSG00000061589,Dot1l
Ms_Dot1l_36_+,Ms_Dot1l_36_+,R2,(BC)GTTTAAGAGCTATGCTGGAA,CTGAGGCTCAAGTCGCCTGT,CRISPR Guide Capture,ENSMUSG00000061589,Dot1l
Ms_Dot1l_40_-,Ms_Dot1l_40_-,R2,(BC)GTTTAAGAGCTATGCTGGAA,ACGGCGGGCTCGGCGCCCAC,CRISPR Guide Capture,ENSMUSG00000061589,Dot1l
Ms_Dot1l_50_-,Ms_Dot1l_50_-,R2,(BC)GTTTAAGAGCTATGCTGGAA,CCACGGGTAGACGGCGGGCT,CRISPR Guide Capture,ENSMUSG00000061589,Dot1l
Ms_Dot1l_55_-,Ms_Dot1l_55_-,R2,(BC)GTTTAAGAGCTATGCTGGAA,AGCGGCCACGGGTAGACGGC,CRISPR Guide Capture,ENSMUSG00000061589,Dot1l
Ms_Dot1l_56_-,Ms_Dot1l_56_-,R2,(BC)GTTTAAGAGCTATGCTGGAA,CAGCGGCCACGGGTAGACGG,CRISPR Guide Capture,ENSMUSG00000061589,Dot1l
Ms_Dot1l_59_-,Ms_Dot1l_59_-,R2,(BC)GTTTAAGAGCTATGCTGGAA,CGGCAGCGGCCACGGGTAGA,CRISPR Guide Capture,ENSMUSG00000061589,Dot1l
Ms_Dot1l_61_+,Ms_Dot1l_61_+,R2,(BC)GTTTAAGAGCTATGCTGGAA,CCGAGCCCGCCGTCTACCCG,CRISPR Guide Capture,ENSMUSG00000061589,Dot1l
Ms_Dot1l_71_+,Ms_Dot1l_71_+,R2,(BC)GTTTAAGAGCTATGCTGGAA,CGTCTACCCGTGGCCGCTGC,CRISPR Guide Capture,ENSMUSG00000061589,Dot1l
Ms_Dot1l_96_-,Ms_Dot1l_96_-,R2,(BC)GTTTAAGAGCTATGCTGGAA,TAATCTCATGAGCAGCATCA,CRISPR Guide Capture,ENSMUSG00000061589,Dot1l
Ms_Dot1l_150_-,Ms_Dot1l_150_-,R2,(BC)GTTTAAGAGCTATGCTGGAA,CCATGGCCAGCTTGAGATCT,CRISPR Guide Capture,ENSMUSG00000061589,Dot1l
Ms_Dot1l_151_-,Ms_Dot1l_151_-,R2,(BC)GTTTAAGAGCTATGCTGGAA,TCCATGGCCAGCTTGAGATC,CRISPR Guide Capture,ENSMUSG00000061589,Dot1l
Ms_Dot1l_155_+,Ms_Dot1l_155_+,R2,(BC)GTTTAAGAGCTATGCTGGAA,GGAAATCCCAGATCTCAAGC,CRISPR Guide Capture,ENSMUSG00000061589,Dot1l
Ms_Dot1l_161_+,Ms_Dot1l_161_+,R2,(BC)GTTTAAGAGCTATGCTGGAA,CCCAGATCTCAAGCTGGCCA,CRISPR Guide Capture,ENSMUSG00000061589,Dot1l
Ms_Dot1l_167_-,Ms_Dot1l_167_-,R2,(BC)GTTTAAGAGCTATGCTGGAA,GATCAGGACATAGTTCTCCA,CRISPR Guide Capture,ENSMUSG00000061589,Dot1l
Ms_Dot1l_235_+,Ms_Dot1l_235_+,R2,(BC)GTTTAAGAGCTATGCTGGAA,GGCTGTGTGACAAATACAAC,CRISPR Guide Capture,ENSMUSG00000061589,Dot1l
Ms_Dot1l_236_+,Ms_Dot1l_236_+,R2,(BC)GTTTAAGAGCTATGCTGGAA,GCTGTGTGACAAATACAACC,CRISPR Guide Capture,ENSMUSG00000061589,Dot1l
Ms_Dot1l_243_-,Ms_Dot1l_243_-,R2,(BC)GTTTAAGAGCTATGCTGGAA,GGTGGATGCTGTCGATGGCC,CRISPR Guide Capture,ENSMUSG00000061589,Dot1l
Ms_Dot1l_289_-,Ms_Dot1l_289_-,R2,(BC)GTTTAAGAGCTATGCTGGAA,GGCCGAGTATTCAGCTTCAT,CRISPR Guide Capture,ENSMUSG00000061589,Dot1l
Ms_Dot1l_290_-,Ms_Dot1l_290_-,R2,(BC)GTTTAAGAGCTATGCTGGAA,CGGCCGAGTATTCAGCTTCA,CRISPR Guide Capture,ENSMUSG00000061589,Dot1l
Ms_Dot1l_298_+,Ms_Dot1l_298_+,R2,(BC)GTTTAAGAGCTATGCTGGAA,AGCCCATGAAGCTGAATACT,CRISPR Guide Capture,ENSMUSG00000061589,Dot1l
Ms_Dot1l_309_+,Ms_Dot1l_309_+,R2,(BC)GTTTAAGAGCTATGCTGGAA,CTGAATACTCGGCCGTCCAA,CRISPR Guide Capture,ENSMUSG00000061589,Dot1l
Ms_Dot1l_310_-,Ms_Dot1l_310_-,R2,(BC)GTTTAAGAGCTATGCTGGAA,TGCCGCAGAAGTCCATTGGA,CRISPR Guide Capture,ENSMUSG00000061589,Dot1l
Ms_Dot1l_314_-,Ms_Dot1l_314_-,R2,(BC)GTTTAAGAGCTATGCTGGAA,GATGTGCCGCAGAAGTCCAT,CRISPR Guide Capture,ENSMUSG00000061589,Dot1l
Ms_Dot1l_319_+,Ms_Dot1l_319_+,R2,(BC)GTTTAAGAGCTATGCTGGAA,GGCCGTCCAATGGACTTCTG,CRISPR Guide Capture,ENSMUSG00000061589,Dot1l
Ms_Dot1l_335_+,Ms_Dot1l_335_+,R2,(BC)GTTTAAGAGCTATGCTGGAA,TCTGCGGCACATCCTGCAGC,CRISPR Guide Capture,ENSMUSG00000061589,Dot1l
Ms_Dot1l_336_-,Ms_Dot1l_336_-,R2,(BC)GTTTAAGAGCTATGCTGGAA,AGTGGTTATATACCTGCTGC,CRISPR Guide Capture,ENSMUSG00000061589,Dot1l
Ms_Dot1l_354_-,Ms_Dot1l_354_-,R2,(BC)GTTTAAGAGCTATGCTGGAA,TCTCCGGGTCAGTGACAGAG,CRISPR Guide Capture,ENSMUSG00000061589,Dot1l
Ms_Dot1l_362_+,Ms_Dot1l_362_+,R2,(BC)GTTTAAGAGCTATGCTGGAA,TAACCACTCTGTCACTGACC,CRISPR Guide Capture,ENSMUSG00000061589,Dot1l
Ms_Dot1l_369_-,Ms_Dot1l_369_-,R2,(BC)GTTTAAGAGCTATGCTGGAA,CGTAGTTGTTAAGCTTCTCC,CRISPR Guide Capture,ENSMUSG00000061589,Dot1l
Ms_Dot1l_370_-,Ms_Dot1l_370_-,R2,(BC)GTTTAAGAGCTATGCTGGAA,TCGTAGTTGTTAAGCTTCTC,CRISPR Guide Capture,ENSMUSG00000061589,Dot1l
Ms_Dot1l_394_-,Ms_Dot1l_394_-,R2,(BC)GTTTAAGAGCTATGCTGGAA,CCATACACCTCAGGGGAGAA,CRISPR Guide Capture,ENSMUSG00000061589,Dot1l
Ms_Dot1l_395_-,Ms_Dot1l_395_-,R2,(BC)GTTTAAGAGCTATGCTGGAA,CCCATACACCTCAGGGGAGA,CRISPR Guide Capture,ENSMUSG00000061589,Dot1l
Ms_Dot1l_398_+,Ms_Dot1l_398_+,R2,(BC)GTTTAAGAGCTATGCTGGAA,CTACGAGCCCTTCTCCCCTG,CRISPR Guide Capture,ENSMUSG00000061589,Dot1l
Ms_Dot1l_401_-,Ms_Dot1l_401_-,R2,(BC)GTTTAAGAGCTATGCTGGAA,GGTCTCCCCATACACCTCAG,CRISPR Guide Capture,ENSMUSG00000061589,Dot1l
Ms_Dot1l_403_-,Ms_Dot1l_403_-,R2,(BC)GTTTAAGAGCTATGCTGGAA,GAGGTCTCCCCATACACCTC,CRISPR Guide Capture,ENSMUSG00000061589,Dot1l
Ms_Dot1l_405_+,Ms_Dot1l_405_+,R2,(BC)GTTTAAGAGCTATGCTGGAA,CCCTTCTCCCCTGAGGTGTA,CRISPR Guide Capture,ENSMUSG00000061589,Dot1l
Ms_Dot1l_407_+,Ms_Dot1l_407_+,R2,(BC)GTTTAAGAGCTATGCTGGAA,CTTCTCCCCTGAGGTGTATG,CRISPR Guide Capture,ENSMUSG00000061589,Dot1l
Ms_Dot1l_422_-,Ms_Dot1l_422_-,R2,(BC)GTTTAAGAGCTATGCTGGAA,CTGGGCCACCAGGTCAAAGG,CRISPR Guide Capture,ENSMUSG00000061589,Dot1l
Ms_Dot1l_425_+,Ms_Dot1l_425_+,R2,(BC)GTTTAAGAGCTATGCTGGAA,TGGGGAGACCTCCTTTGACC,CRISPR Guide Capture,ENSMUSG00000061589,Dot1l
Ms_Dot1l_428_+,Ms_Dot1l_428_+,R2,(BC)GTTTAAGAGCTATGCTGGAA,GGAGACCTCCTTTGACCTGG,CRISPR Guide Capture,ENSMUSG00000061589,Dot1l
Ms_Dot1l_432_-,Ms_Dot1l_432_-,R2,(BC)GTTTAAGAGCTATGCTGGAA,CATCAATCATCTGGGCCACC,CRISPR Guide Capture,ENSMUSG00000061589,Dot1l
Ms_Dot1l_440_-,Ms_Dot1l_440_-,R2,(BC)GTTTAAGAGCTATGCTGGAA,CTTGATCTCATCAATCATCT,CRISPR Guide Capture,ENSMUSG00000061589,Dot1l
Ms_Dot1l_441_-,Ms_Dot1l_441_-,R2,(BC)GTTTAAGAGCTATGCTGGAA,TCTTGATCTCATCAATCATC,CRISPR Guide Capture,ENSMUSG00000061589,Dot1l
Ms_Dot1l_461_+,Ms_Dot1l_461_+,R2,(BC)GTTTAAGAGCTATGCTGGAA,TGATGAGATCAAGATGACAG,CRISPR Guide Capture,ENSMUSG00000061589,Dot1l
Ms_Dot1l_482_+,Ms_Dot1l_482_+,R2,(BC)GTTTAAGAGCTATGCTGGAA,GGATGACCTGTTTGTCGACC,CRISPR Guide Capture,ENSMUSG00000061589,Dot1l
Ms_Dot1l_483_+,Ms_Dot1l_483_+,R2,(BC)GTTTAAGAGCTATGCTGGAA,GATGACCTGTTTGTCGACCT,CRISPR Guide Capture,ENSMUSG00000061589,Dot1l
Ms_Dot1l_516_-,Ms_Dot1l_516_-,R2,(BC)GTTTAAGAGCTATGCTGGAA,TGGTGGCCGCAGCAACCTGA,CRISPR Guide Capture,ENSMUSG00000061589,Dot1l
Ms_Dot1l_521_+,Ms_Dot1l_521_+,R2,(BC)GTTTAAGAGCTATGCTGGAA,GGTTGTCCTTCAGGTTGCTG,CRISPR Guide Capture,ENSMUSG00000061589,Dot1l
Ms_Dot1l_533_-,Ms_Dot1l_533_-,R2,(BC)GTTTAAGAGCTATGCTGGAA,GTAGTGATGTTTGCAGTTGG,CRISPR Guide Capture,ENSMUSG00000061589,Dot1l
Ms_Dot1l_536_-,Ms_Dot1l_536_-,R2,(BC)GTTTAAGAGCTATGCTGGAA,TCCGTAGTGATGTTTGCAGT,CRISPR Guide Capture,ENSMUSG00000061589,Dot1l
Ms_Dot1l_546_+,Ms_Dot1l_546_+,R2,(BC)GTTTAAGAGCTATGCTGGAA,ACCAACTGCAAACATCACTA,CRISPR Guide Capture,ENSMUSG00000061589,Dot1l
Ms_Dot1l_551_+,Ms_Dot1l_551_+,R2,(BC)GTTTAAGAGCTATGCTGGAA,CTGCAAACATCACTACGGAG,CRISPR Guide Capture,ENSMUSG00000061589,Dot1l
Ms_Dot1l_560_+,Ms_Dot1l_560_+,R2,(BC)GTTTAAGAGCTATGCTGGAA,TCACTACGGAGTGGAGAAAG,CRISPR Guide Capture,ENSMUSG00000061589,Dot1l
Ms_Dot1l_603_-,Ms_Dot1l_603_-,R2,(BC)GTTTAAGAGCTATGCTGGAA,TCATCCACTTCCTGAACTCT,CRISPR Guide Capture,ENSMUSG00000061589,Dot1l
Ms_Dot1l_610_+,Ms_Dot1l_610_+,R2,(BC)GTTTAAGAGCTATGCTGGAA,TGGACCGAGAGTTCAGGAAG,CRISPR Guide Capture,ENSMUSG00000061589,Dot1l
Ms_Dot1l_619_+,Ms_Dot1l_619_+,R2,(BC)GTTTAAGAGCTATGCTGGAA,AGTTCAGGAAGTGGATGAAA,CRISPR Guide Capture,ENSMUSG00000061589,Dot1l
Ms_Dot1l_624_+,Ms_Dot1l_624_+,R2,(BC)GTTTAAGAGCTATGCTGGAA,AGGAAGTGGATGAAATGGTA,CRISPR Guide Capture,ENSMUSG00000061589,Dot1l
Ms_Dot1l_674_+,Ms_Dot1l_674_+,R2,(BC)GTTTAAGAGCTATGCTGGAA,ACGAGGTGACTTCCTCTCAG,CRISPR Guide Capture,ENSMUSG00000061589,Dot1l
Ms_Dot1l_675_-,Ms_Dot1l_675_-,R2,(BC)GTTTAAGAGCTATGCTGGAA,GTTCCCTCCATTCCTCTGAG,CRISPR Guide Capture,ENSMUSG00000061589,Dot1l
Ms_Dot1l_679_+,Ms_Dot1l_679_+,R2,(BC)GTTTAAGAGCTATGCTGGAA,GTGACTTCCTCTCAGAGGAA,CRISPR Guide Capture,ENSMUSG00000061589,Dot1l
Ms_Dot1l_682_+,Ms_Dot1l_682_+,R2,(BC)GTTTAAGAGCTATGCTGGAA,ACTTCCTCTCAGAGGAATGG,CRISPR Guide Capture,ENSMUSG00000061589,Dot1l
Ms_Dot1l_683_+,Ms_Dot1l_683_+,R2,(BC)GTTTAAGAGCTATGCTGGAA,CTTCCTCTCAGAGGAATGGA,CRISPR Guide Capture,ENSMUSG00000061589,Dot1l
Ms_Dot1l_688_+,Ms_Dot1l_688_+,R2,(BC)GTTTAAGAGCTATGCTGGAA,TCTCAGAGGAATGGAGGGAA,CRISPR Guide Capture,ENSMUSG00000061589,Dot1l
Ms_Dot1l_732_+,Ms_Dot1l_732_+,R2,(BC)GTTTAAGAGCTATGCTGGAA,TTTGTGAATAACTTTGCCTT,CRISPR Guide Capture,ENSMUSG00000061589,Dot1l
Ms_Dot1l_737_-,Ms_Dot1l_737_-,R2,(BC)GTTTAAGAGCTATGCTGGAA,GTGATCCACCTCAGGACCAA,CRISPR Guide Capture,ENSMUSG00000061589,Dot1l
Ms_Dot1l_740_+,Ms_Dot1l_740_+,R2,(BC)GTTTAAGAGCTATGCTGGAA,TAACTTTGCCTTTGGTCCTG,CRISPR Guide Capture,ENSMUSG00000061589,Dot1l
Ms_Dot1l_743_+,Ms_Dot1l_743_+,R2,(BC)GTTTAAGAGCTATGCTGGAA,CTTTGCCTTTGGTCCTGAGG,CRISPR Guide Capture,ENSMUSG00000061589,Dot1l
Ms_Dot1l_745_-,Ms_Dot1l_745_-,R2,(BC)GTTTAAGAGCTATGCTGGAA,TTCAGCTGGTGATCCACCTC,CRISPR Guide Capture,ENSMUSG00000061589,Dot1l
Ms_Dot1l_758_+,Ms_Dot1l_758_+,R2,(BC)GTTTAAGAGCTATGCTGGAA,TGAGGTGGATCACCAGCTGA,CRISPR Guide Capture,ENSMUSG00000061589,Dot1l
Ms_Dot1l_759_-,Ms_Dot1l_759_-,R2,(BC)GTTTAAGAGCTATGCTGGAA,TTGCGAATCGCTCCTTCAGC,CRISPR Guide Capture,ENSMUSG00000061589,Dot1l
Ms_Dot1l_779_+,Ms_Dot1l_779_+,R2,(BC)GTTTAAGAGCTATGCTGGAA,GGAGCGATTCGCAAACATGA,CRISPR Guide Capture,ENSMUSG00000061589,Dot1l
Ms_Dot1l_809_-,Ms_Dot1l_809_-,R2,(BC)GTTTAAGAGCTATGCTGGAA,CAGAGGGGCAAAGGGCTTTG,CRISPR Guide Capture,ENSMUSG00000061589,Dot1l
Ms_Dot1l_817_-,Ms_Dot1l_817_-,R2,(BC)GTTTAAGAGCTATGCTGGAA,CTGAAGTTCAGAGGGGCAAA,CRISPR Guide Capture,ENSMUSG00000061589,Dot1l
Ms_Dot1l_818_-,Ms_Dot1l_818_-,R2,(BC)GTTTAAGAGCTATGCTGGAA,CCTGAAGTTCAGAGGGGCAA,CRISPR Guide Capture,ENSMUSG00000061589,Dot1l
Ms_Dot1l_824_-,Ms_Dot1l_824_-,R2,(BC)GTTTAAGAGCTATGCTGGAA,GTTGATCCTGAAGTTCAGAG,CRISPR Guide Capture,ENSMUSG00000061589,Dot1l
Ms_Dot1l_826_-,Ms_Dot1l_826_-,R2,(BC)GTTTAAGAGCTATGCTGGAA,CTGTTGATCCTGAAGTTCAG,CRISPR Guide Capture,ENSMUSG00000061589,Dot1l
Ms_Dot1l_829_+,Ms_Dot1l_829_+,R2,(BC)GTTTAAGAGCTATGCTGGAA,CCTTTGCCCCTCTGAACTTC,CRISPR Guide Capture,ENSMUSG00000061589,Dot1l
Ms_Dot1l_841_+,Ms_Dot1l_841_+,R2,(BC)GTTTAAGAGCTATGCTGGAA,TGAACTTCAGGATCAACAGC,CRISPR Guide Capture,ENSMUSG00000061589,Dot1l
Ms_Dot1l_872_-,Ms_Dot1l_872_-,R2,(BC)GTTTAAGAGCTATGCTGGAA,CAGCTCCACCACACGCATGA,CRISPR Guide Capture,ENSMUSG00000061589,Dot1l
Ms_Dot1l_878_+,Ms_Dot1l_878_+,R2,(BC)GTTTAAGAGCTATGCTGGAA,TGGCACCATCATGCGTGTGG,CRISPR Guide Capture,ENSMUSG00000061589,Dot1l
Ms_Dot1l_896_+,Ms_Dot1l_896_+,R2,(BC)GTTTAAGAGCTATGCTGGAA,GGTGGAGCTGTCGCCCCTGA,CRISPR Guide Capture,ENSMUSG00000061589,Dot1l
Ms_Dot1l_900_-,Ms_Dot1l_900_-,R2,(BC)GTTTAAGAGCTATGCTGGAA,TCCACGACACAGAGCCCTTC,CRISPR Guide Capture,ENSMUSG00000061589,Dot1l
Ms_Dot1l_910_+,Ms_Dot1l_910_+,R2,(BC)GTTTAAGAGCTATGCTGGAA,CCCTGAAGGGCTCTGTGTCG,CRISPR Guide Capture,ENSMUSG00000061589,Dot1l
Ms_Dot1l_915_+,Ms_Dot1l_915_+,R2,(BC)GTTTAAGAGCTATGCTGGAA,AAGGGCTCTGTGTCGTGGAC,CRISPR Guide Capture,ENSMUSG00000061589,Dot1l
Ms_Dot1l_931_-,Ms_Dot1l_931_-,R2,(BC)GTTTAAGAGCTATGCTGGAA,GTGTGCAGATAGTAGGAGAC,CRISPR Guide Capture,ENSMUSG00000061589,Dot1l
Ms_Dot1l_938_-,Ms_Dot1l_938_-,R2,(BC)GTTTAAGAGCTATGCTGGAA,GTCAATGGTGTGCAGATAGT,CRISPR Guide Capture,ENSMUSG00000061589,Dot1l
Ms_Dot1l_1067_-,Ms_Dot1l_1067_-,R2,(BC)GTTTAAGAGCTATGCTGGAA,CTCAGGGACTTTGGTGGGCG,CRISPR Guide Capture,ENSMUSG00000061589,Dot1l
Ms_Dot1l_1072_-,Ms_Dot1l_1072_-,R2,(BC)GTTTAAGAGCTATGCTGGAA,TTGCTCTCAGGGACTTTGGT,CRISPR Guide Capture,ENSMUSG00000061589,Dot1l
Ms_Dot1l_1073_-,Ms_Dot1l_1073_-,R2,(BC)GTTTAAGAGCTATGCTGGAA,TTTGCTCTCAGGGACTTTGG,CRISPR Guide Capture,ENSMUSG00000061589,Dot1l
Ms_Dot1l_1076_-,Ms_Dot1l_1076_-,R2,(BC)GTTTAAGAGCTATGCTGGAA,TGCTTTGCTCTCAGGGACTT,CRISPR Guide Capture,ENSMUSG00000061589,Dot1l
Ms_Dot1l_1083_-,Ms_Dot1l_1083_-,R2,(BC)GTTTAAGAGCTATGCTGGAA,TGGCAGCTGCTTTGCTCTCA,CRISPR Guide Capture,ENSMUSG00000061589,Dot1l
Ms_Dot1l_1084_-,Ms_Dot1l_1084_-,R2,(BC)GTTTAAGAGCTATGCTGGAA,GTGGCAGCTGCTTTGCTCTC,CRISPR Guide Capture,ENSMUSG00000061589,Dot1l
Ms_Dot1l_1100_+,Ms_Dot1l_1100_+,R2,(BC)GTTTAAGAGCTATGCTGGAA,GAGCAAAGCAGCTGCCACTG,CRISPR Guide Capture,ENSMUSG00000061589,Dot1l
Ms_Dot1l_1137_+,Ms_Dot1l_1137_+,R2,(BC)GTTTAAGAGCTATGCTGGAA,GGTGCTGAGGAAGAAAAATC,CRISPR Guide Capture,ENSMUSG00000061589,Dot1l
Ms_Dot1l_1142_+,Ms_Dot1l_1142_+,R2,(BC)GTTTAAGAGCTATGCTGGAA,TGAGGAAGAAAAATCAGGTG,CRISPR Guide Capture,ENSMUSG00000061589,Dot1l
Ms_Dot1l_1168_-,Ms_Dot1l_1168_-,R2,(BC)GTTTAAGAGCTATGCTGGAA,TTCCGGGCTTTGGAGGGAGA,CRISPR Guide Capture,ENSMUSG00000061589,Dot1l
Ms_Dot1l_1174_-,Ms_Dot1l_1174_-,R2,(BC)GTTTAAGAGCTATGCTGGAA,TTCTTCTTCCGGGCTTTGGA,CRISPR Guide Capture,ENSMUSG00000061589,Dot1l
Ms_Dot1l_1175_-,Ms_Dot1l_1175_-,R2,(BC)GTTTAAGAGCTATGCTGGAA,TTTCTTCTTCCGGGCTTTGG,CRISPR Guide Capture,ENSMUSG00000061589,Dot1l
Ms_Dot1l_1177_+,Ms_Dot1l_1177_+,R2,(BC)GTTTAAGAGCTATGCTGGAA,AGCCATCTCCCTCCAAAGCC,CRISPR Guide Capture,ENSMUSG00000061589,Dot1l
Ms_Dot1l_1178_-,Ms_Dot1l_1178_-,R2,(BC)GTTTAAGAGCTATGCTGGAA,CAGTTTCTTCTTCCGGGCTT,CRISPR Guide Capture,ENSMUSG00000061589,Dot1l
Ms_Dot1l_1184_-,Ms_Dot1l_1184_-,R2,(BC)GTTTAAGAGCTATGCTGGAA,CTTGTTCAGTTTCTTCTTCC,CRISPR Guide Capture,ENSMUSG00000061589,Dot1l
Ms_Dot1l_1185_-,Ms_Dot1l_1185_-,R2,(BC)GTTTAAGAGCTATGCTGGAA,TCTTGTTCAGTTTCTTCTTC,CRISPR Guide Capture,ENSMUSG00000061589,Dot1l
Ms_Dot1l_1200_+,Ms_Dot1l_1200_+,R2,(BC)GTTTAAGAGCTATGCTGGAA,AAGAAGAAACTGAACAAGAA,CRISPR Guide Capture,ENSMUSG00000061589,Dot1l
Ms_Dot1l_1201_+,Ms_Dot1l_1201_+,R2,(BC)GTTTAAGAGCTATGCTGGAA,AGAAGAAACTGAACAAGAAA,CRISPR Guide Capture,ENSMUSG00000061589,Dot1l
Ms_Dot1l_1211_+,Ms_Dot1l_1211_+,R2,(BC)GTTTAAGAGCTATGCTGGAA,GAACAAGAAAGGGAGAAAGA,CRISPR Guide Capture,ENSMUSG00000061589,Dot1l
Ms_Dot1l_1215_+,Ms_Dot1l_1215_+,R2,(BC)GTTTAAGAGCTATGCTGGAA,AAGAAAGGGAGAAAGATGGC,CRISPR Guide Capture,ENSMUSG00000061589,Dot1l
Ms_Dot1l_1219_+,Ms_Dot1l_1219_+,R2,(BC)GTTTAAGAGCTATGCTGGAA,AAGGGAGAAAGATGGCTGGC,CRISPR Guide Capture,ENSMUSG00000061589,Dot1l
Ms_Dot1l_1227_+,Ms_Dot1l_1227_+,R2,(BC)GTTTAAGAGCTATGCTGGAA,AAGATGGCTGGCCGGAAACG,CRISPR Guide Capture,ENSMUSG00000061589,Dot1l
Ms_Dot1l_1228_+,Ms_Dot1l_1228_+,R2,(BC)GTTTAAGAGCTATGCTGGAA,AGATGGCTGGCCGGAAACGT,CRISPR Guide Capture,ENSMUSG00000061589,Dot1l
Ms_Dot1l_1231_+,Ms_Dot1l_1231_+,R2,(BC)GTTTAAGAGCTATGCTGGAA,TGGCTGGCCGGAAACGTGGG,CRISPR Guide Capture,ENSMUSG00000061589,Dot1l
Ms_Dot1l_1243_-,Ms_Dot1l_1243_-,R2,(BC)GTTTAAGAGCTATGCTGGAA,CTGGCAGCACTCATTTTCTT,CRISPR Guide Capture,ENSMUSG00000061589,Dot1l
Ms_Dot1l_1244_-,Ms_Dot1l_1244_-,R2,(BC)GTTTAAGAGCTATGCTGGAA,ACTGGCAGCACTCATTTTCT,CRISPR Guide Capture,ENSMUSG00000061589,Dot1l
Ms_Dot1l_1262_-,Ms_Dot1l_1262_-,R2,(BC)GTTTAAGAGCTATGCTGGAA,CTTAGACTTGCGTTCGGCAC,CRISPR Guide Capture,ENSMUSG00000061589,Dot1l
Ms_Dot1l_1268_-,Ms_Dot1l_1268_-,R2,(BC)GTTTAAGAGCTATGCTGGAA,GCTCTTCTTAGACTTGCGTT,CRISPR Guide Capture,ENSMUSG00000061589,Dot1l
Ms_Dot1l_1290_-,Ms_Dot1l_1290_-,R2,(BC)GTTTAAGAGCTATGCTGGAA,GCAGGAGATCCAGTGTGCTT,CRISPR Guide Capture,ENSMUSG00000061589,Dot1l
Ms_Dot1l_1292_+,Ms_Dot1l_1292_+,R2,(BC)GTTTAAGAGCTATGCTGGAA,TAAGAAGAGCCAAAGCACAC,CRISPR Guide Capture,ENSMUSG00000061589,Dot1l
Ms_Dot1l_1308_-,Ms_Dot1l_1308_-,R2,(BC)GTTTAAGAGCTATGCTGGAA,GGGCTGGGGGCGGAGAGTGC,CRISPR Guide Capture,ENSMUSG00000061589,Dot1l
Ms_Dot1l_1318_-,Ms_Dot1l_1318_-,R2,(BC)GTTTAAGAGCTATGCTGGAA,GCTGAGGGTGGGGCTGGGGG,CRISPR Guide Capture,ENSMUSG00000061589,Dot1l
Ms_Dot1l_1321_-,Ms_Dot1l_1321_-,R2,(BC)GTTTAAGAGCTATGCTGGAA,GAGGCTGAGGGTGGGGCTGG,CRISPR Guide Capture,ENSMUSG00000061589,Dot1l
Ms_Dot1l_1324_-,Ms_Dot1l_1324_-,R2,(BC)GTTTAAGAGCTATGCTGGAA,GGTGAGGCTGAGGGTGGGGC,CRISPR Guide Capture,ENSMUSG00000061589,Dot1l
Ms_Dot1l_1366_-,Ms_Dot1l_1366_-,R2,(BC)GTTTAAGAGCTATGCTGGAA,AGCTGGTAGAATGGGCTGTG,CRISPR Guide Capture,ENSMUSG00000061589,Dot1l
Ms_Dot1l_1374_-,Ms_Dot1l_1374_-,R2,(BC)GTTTAAGAGCTATGCTGGAA,TTGGAGGTAGCTGGTAGAAT,CRISPR Guide Capture,ENSMUSG00000061589,Dot1l
Ms_Dot1l_1375_-,Ms_Dot1l_1375_-,R2,(BC)GTTTAAGAGCTATGCTGGAA,CTTGGAGGTAGCTGGTAGAA,CRISPR Guide Capture,ENSMUSG00000061589,Dot1l
Ms_Dot1l_1383_-,Ms_Dot1l_1383_-,R2,(BC)GTTTAAGAGCTATGCTGGAA,GCTGCGTGCTTGGAGGTAGC,CRISPR Guide Capture,ENSMUSG00000061589,Dot1l
Ms_Dot1l_1390_-,Ms_Dot1l_1390_-,R2,(BC)GTTTAAGAGCTATGCTGGAA,GAGTGCAGCTGCGTGCTTGG,CRISPR Guide Capture,ENSMUSG00000061589,Dot1l
Ms_Dot1l_1393_-,Ms_Dot1l_1393_-,R2,(BC)GTTTAAGAGCTATGCTGGAA,GGTGAGTGCAGCTGCGTGCT,CRISPR Guide Capture,ENSMUSG00000061589,Dot1l
Ms_Dot1l_1414_-,Ms_Dot1l_1414_-,R2,(BC)GTTTAAGAGCTATGCTGGAA,GGTGCCACTAGCAGTGGGTT,CRISPR Guide Capture,ENSMUSG00000061589,Dot1l
Ms_Dot1l_1415_-,Ms_Dot1l_1415_-,R2,(BC)GTTTAAGAGCTATGCTGGAA,GGGTGCCACTAGCAGTGGGT,CRISPR Guide Capture,ENSMUSG00000061589,Dot1l
Ms_Dot1l_1419_-,Ms_Dot1l_1419_-,R2,(BC)GTTTAAGAGCTATGCTGGAA,GGGTGGGTGCCACTAGCAGT,CRISPR Guide Capture,ENSMUSG00000061589,Dot1l
Ms_Dot1l_1421_+,Ms_Dot1l_1421_+,R2,(BC)GTTTAAGAGCTATGCTGGAA,CTCACCCAACCCACTGCTAG,CRISPR Guide Capture,ENSMUSG00000061589,Dot1l
Ms_Dot1l_1435_-,Ms_Dot1l_1435_-,R2,(BC)GTTTAAGAGCTATGCTGGAA,TTCTGCAGCGCAGGTGGGGT,CRISPR Guide Capture,ENSMUSG00000061589,Dot1l
Ms_Dot1l_1436_-,Ms_Dot1l_1436_-,R2,(BC)GTTTAAGAGCTATGCTGGAA,CTTCTGCAGCGCAGGTGGGG,CRISPR Guide Capture,ENSMUSG00000061589,Dot1l
Ms_Dot1l_1439_-,Ms_Dot1l_1439_-,R2,(BC)GTTTAAGAGCTATGCTGGAA,AAGCTTCTGCAGCGCAGGTG,CRISPR Guide Capture,ENSMUSG00000061589,Dot1l
Ms_Dot1l_1469_-,Ms_Dot1l_1469_-,R2,(BC)GTTTAAGAGCTATGCTGGAA,CTGCAGGTACTGGATTCTGA,CRISPR Guide Capture,ENSMUSG00000061589,Dot1l
Ms_Dot1l_1479_-,Ms_Dot1l_1479_-,R2,(BC)GTTTAAGAGCTATGCTGGAA,AAGCCAGGAACTGCAGGTAC,CRISPR Guide Capture,ENSMUSG00000061589,Dot1l
Ms_Dot1l_1485_-,Ms_Dot1l_1485_-,R2,(BC)GTTTAAGAGCTATGCTGGAA,TTGTATAAGCCAGGAACTGC,CRISPR Guide Capture,ENSMUSG00000061589,Dot1l
Ms_Dot1l_1487_+,Ms_Dot1l_1487_+,R2,(BC)GTTTAAGAGCTATGCTGGAA,AATCCAGTACCTGCAGTTCC,CRISPR Guide Capture,ENSMUSG00000061589,Dot1l
Ms_Dot1l_1494_-,Ms_Dot1l_1494_-,R2,(BC)GTTTAAGAGCTATGCTGGAA,GCGGGGTCTTTGTATAAGCC,CRISPR Guide Capture,ENSMUSG00000061589,Dot1l
Ms_Dot1l_1511_-,Ms_Dot1l_1511_-,R2,(BC)GTTTAAGAGCTATGCTGGAA,TAGGTTAGCCTTGTACTGCG,CRISPR Guide Capture,ENSMUSG00000061589,Dot1l
Ms_Dot1l_1514_+,Ms_Dot1l_1514_+,R2,(BC)GTTTAAGAGCTATGCTGGAA,TACAAAGACCCCGCAGTACA,CRISPR Guide Capture,ENSMUSG00000061589,Dot1l
Ms_Dot1l_1530_-,Ms_Dot1l_1530_-,R2,(BC)GTTTAAGAGCTATGCTGGAA,CCTGGTCCAGAAGCTGCTGT,CRISPR Guide Capture,ENSMUSG00000061589,Dot1l
Ms_Dot1l_1535_+,Ms_Dot1l_1535_+,R2,(BC)GTTTAAGAGCTATGCTGGAA,GGCTAACCTACAGCAGCTTC,CRISPR Guide Capture,ENSMUSG00000061589,Dot1l
Ms_Dot1l_1541_+,Ms_Dot1l_1541_+,R2,(BC)GTTTAAGAGCTATGCTGGAA,CCTACAGCAGCTTCTGGACC,CRISPR Guide Capture,ENSMUSG00000061589,Dot1l
Ms_Dot1l_1575_-,Ms_Dot1l_1575_-,R2,(BC)GTTTAAGAGCTATGCTGGAA,AGAGCTGCTGGGCTGTGCCC,CRISPR Guide Capture,ENSMUSG00000061589,Dot1l
Ms_Dot1l_1586_-,Ms_Dot1l_1586_-,R2,(BC)GTTTAAGAGCTATGCTGGAA,GCAATGGCCGAAGAGCTGCT,CRISPR Guide Capture,ENSMUSG00000061589,Dot1l
Ms_Dot1l_1587_-,Ms_Dot1l_1587_-,R2,(BC)GTTTAAGAGCTATGCTGGAA,GGCAATGGCCGAAGAGCTGC,CRISPR Guide Capture,ENSMUSG00000061589,Dot1l
Ms_Dot1l_1590_+,Ms_Dot1l_1590_+,R2,(BC)GTTTAAGAGCTATGCTGGAA,GGCACAGCCCAGCAGCTCTT,CRISPR Guide Capture,ENSMUSG00000061589,Dot1l
Ms_Dot1l_1601_+,Ms_Dot1l_1601_+,R2,(BC)GTTTAAGAGCTATGCTGGAA,GCAGCTCTTCGGCCATTGCC,CRISPR Guide Capture,ENSMUSG00000061589,Dot1l
Ms_Dot1l_1602_-,Ms_Dot1l_1602_-,R2,(BC)GTTTAAGAGCTATGCTGGAA,CTTCCTTTTGGGCCTGGCAA,CRISPR Guide Capture,ENSMUSG00000061589,Dot1l
Ms_Dot1l_1608_-,Ms_Dot1l_1608_-,R2,(BC)GTTTAAGAGCTATGCTGGAA,GGATTTCTTCCTTTTGGGCC,CRISPR Guide Capture,ENSMUSG00000061589,Dot1l
Ms_Dot1l_1610_+,Ms_Dot1l_1610_+,R2,(BC)GTTTAAGAGCTATGCTGGAA,CGGCCATTGCCAGGCCCAAA,CRISPR Guide Capture,ENSMUSG00000061589,Dot1l
Ms_Dot1l_1613_-,Ms_Dot1l_1613_-,R2,(BC)GTTTAAGAGCTATGCTGGAA,CCTGCGGATTTCTTCCTTTT,CRISPR Guide Capture,ENSMUSG00000061589,Dot1l
Ms_Dot1l_1614_-,Ms_Dot1l_1614_-,R2,(BC)GTTTAAGAGCTATGCTGGAA,GCCTGCGGATTTCTTCCTTT,CRISPR Guide Capture,ENSMUSG00000061589,Dot1l
Ms_Dot1l_1624_+,Ms_Dot1l_1624_+,R2,(BC)GTTTAAGAGCTATGCTGGAA,CCCAAAAGGAAGAAATCCGC,CRISPR Guide Capture,ENSMUSG00000061589,Dot1l
Ms_Dot1l_1629_-,Ms_Dot1l_1629_-,R2,(BC)GTTTAAGAGCTATGCTGGAA,GCTTCTGCTGGAACAGCCTG,CRISPR Guide Capture,ENSMUSG00000061589,Dot1l
Ms_Dot1l_1643_+,Ms_Dot1l_1643_+,R2,(BC)GTTTAAGAGCTATGCTGGAA,CAGGCTGTTCCAGCAGAAGC,CRISPR Guide Capture,ENSMUSG00000061589,Dot1l
Ms_Dot1l_1679_-,Ms_Dot1l_1679_-,R2,(BC)GTTTAAGAGCTATGCTGGAA,GGCCTGAATCAGGTCATTGT,CRISPR Guide Capture,ENSMUSG00000061589,Dot1l
Ms_Dot1l_1688_+,Ms_Dot1l_1688_+,R2,(BC)GTTTAAGAGCTATGCTGGAA,GACCTACAATGACCTGATTC,CRISPR Guide Capture,ENSMUSG00000061589,Dot1l
Ms_Dot1l_1689_-,Ms_Dot1l_1689_-,R2,(BC)GTTTAAGAGCTATGCTGGAA,TTTCCTTCTGGGCCTGAATC,CRISPR Guide Capture,ENSMUSG00000061589,Dot1l
Ms_Dot1l_1697_+,Ms_Dot1l_1697_+,R2,(BC)GTTTAAGAGCTATGCTGGAA,TGACCTGATTCAGGCCCAGA,CRISPR Guide Capture,ENSMUSG00000061589,Dot1l
Ms_Dot1l_1700_-,Ms_Dot1l_1700_-,R2,(BC)GTTTAAGAGCTATGCTGGAA,GTGGGCAGAGATTTCCTTCT,CRISPR Guide Capture,ENSMUSG00000061589,Dot1l
Ms_Dot1l_1701_-,Ms_Dot1l_1701_-,R2,(BC)GTTTAAGAGCTATGCTGGAA,TGTGGGCAGAGATTTCCTTC,CRISPR Guide Capture,ENSMUSG00000061589,Dot1l
Ms_Dot1l_1718_-,Ms_Dot1l_1718_-,R2,(BC)GTTTAAGAGCTATGCTGGAA,TTCCCGCAGCTGCTGGTTGT,CRISPR Guide Capture,ENSMUSG00000061589,Dot1l
Ms_Dot1l_1719_-,Ms_Dot1l_1719_-,R2,(BC)GTTTAAGAGCTATGCTGGAA,GTTCCCGCAGCTGCTGGTTG,CRISPR Guide Capture,ENSMUSG00000061589,Dot1l
Ms_Dot1l_1725_-,Ms_Dot1l_1725_-,R2,(BC)GTTTAAGAGCTATGCTGGAA,CCGACTGTTCCCGCAGCTGC,CRISPR Guide Capture,ENSMUSG00000061589,Dot1l
Ms_Dot1l_1727_+,Ms_Dot1l_1727_+,R2,(BC)GTTTAAGAGCTATGCTGGAA,TGCCCACAACCAGCAGCTGC,CRISPR Guide Capture,ENSMUSG00000061589,Dot1l
Ms_Dot1l_1736_+,Ms_Dot1l_1736_+,R2,(BC)GTTTAAGAGCTATGCTGGAA,CCAGCAGCTGCGGGAACAGT,CRISPR Guide Capture,ENSMUSG00000061589,Dot1l
Ms_Dot1l_1745_+,Ms_Dot1l_1745_+,R2,(BC)GTTTAAGAGCTATGCTGGAA,GCGGGAACAGTCGGAACAGC,CRISPR Guide Capture,ENSMUSG00000061589,Dot1l
Ms_Dot1l_1751_+,Ms_Dot1l_1751_+,R2,(BC)GTTTAAGAGCTATGCTGGAA,ACAGTCGGAACAGCTGGAGA,CRISPR Guide Capture,ENSMUSG00000061589,Dot1l
Ms_Dot1l_1768_+,Ms_Dot1l_1768_+,R2,(BC)GTTTAAGAGCTATGCTGGAA,AGAAGGACAACAGCGAGCTT,CRISPR Guide Capture,ENSMUSG00000061589,Dot1l
Ms_Dot1l_1783_+,Ms_Dot1l_1783_+,R2,(BC)GTTTAAGAGCTATGCTGGAA,AGCTTCGGAGCCAGAGCCTG,CRISPR Guide Capture,ENSMUSG00000061589,Dot1l
Ms_Dot1l_1805_-,Ms_Dot1l_1805_-,R2,(BC)GTTTAAGAGCTATGCTGGAA,AAGCCTCAGCTCCTCACACC,CRISPR Guide Capture,ENSMUSG00000061589,Dot1l
Ms_Dot1l_1806_-,Ms_Dot1l_1806_-,R2,(BC)GTTTAAGAGCTATGCTGGAA,CAAGCCTCAGCTCCTCACAC,CRISPR Guide Capture,ENSMUSG00000061589,Dot1l
Ms_Dot1l_1813_+,Ms_Dot1l_1813_+,R2,(BC)GTTTAAGAGCTATGCTGGAA,GGGCCCGGTGTGAGGAGCTG,CRISPR Guide Capture,ENSMUSG00000061589,Dot1l
Ms_Dot1l_1822_+,Ms_Dot1l_1822_+,R2,(BC)GTTTAAGAGCTATGCTGGAA,GTGAGGAGCTGAGGCTTGAC,CRISPR Guide Capture,ENSMUSG00000061589,Dot1l
Ms_Dot1l_1835_-,Ms_Dot1l_1835_-,R2,(BC)GTTTAAGAGCTATGCTGGAA,CAGGTTCTCCAAGGACAGTG,CRISPR Guide Capture,ENSMUSG00000061589,Dot1l
Ms_Dot1l_1838_+,Ms_Dot1l_1838_+,R2,(BC)GTTTAAGAGCTATGCTGGAA,TGACTGGTCCACACTGTCCT,CRISPR Guide Capture,ENSMUSG00000061589,Dot1l
Ms_Dot1l_1844_-,Ms_Dot1l_1844_-,R2,(BC)GTTTAAGAGCTATGCTGGAA,CTCTTTCCGCAGGTTCTCCA,CRISPR Guide Capture,ENSMUSG00000061589,Dot1l
Ms_Dot1l_1849_+,Ms_Dot1l_1849_+,R2,(BC)GTTTAAGAGCTATGCTGGAA,CACTGTCCTTGGAGAACCTG,CRISPR Guide Capture,ENSMUSG00000061589,Dot1l
Ms_Dot1l_1854_-,Ms_Dot1l_1854_-,R2,(BC)GTTTAAGAGCTATGCTGGAA,GGGCCTGCTTCTCTTTCCGC,CRISPR Guide Capture,ENSMUSG00000061589,Dot1l
Ms_Dot1l_1862_+,Ms_Dot1l_1862_+,R2,(BC)GTTTAAGAGCTATGCTGGAA,GAACCTGCGGAAAGAGAAGC,CRISPR Guide Capture,ENSMUSG00000061589,Dot1l
Ms_Dot1l_1870_+,Ms_Dot1l_1870_+,R2,(BC)GTTTAAGAGCTATGCTGGAA,GGAAAGAGAAGCAGGCCCTG,CRISPR Guide Capture,ENSMUSG00000061589,Dot1l
Ms_Dot1l_1874_-,Ms_Dot1l_1874_-,R2,(BC)GTTTAAGAGCTATGCTGGAA,CTCTGAGATCTGGCTCCTCA,CRISPR Guide Capture,ENSMUSG00000061589,Dot1l
Ms_Dot1l_1875_-,Ms_Dot1l_1875_-,R2,(BC)GTTTAAGAGCTATGCTGGAA,TCTCTGAGATCTGGCTCCTC,CRISPR Guide Capture,ENSMUSG00000061589,Dot1l
Ms_Dot1l_1884_-,Ms_Dot1l_1884_-,R2,(BC)GTTTAAGAGCTATGCTGGAA,GCCGCTGCTTCTCTGAGATC,CRISPR Guide Capture,ENSMUSG00000061589,Dot1l
Ms_Dot1l_1894_+,Ms_Dot1l_1894_+,R2,(BC)GTTTAAGAGCTATGCTGGAA,GCCAGATCTCAGAGAAGCAG,CRISPR Guide Capture,ENSMUSG00000061589,Dot1l
Ms_Dot1l_1904_+,Ms_Dot1l_1904_+,R2,(BC)GTTTAAGAGCTATGCTGGAA,AGAGAAGCAGCGGCACTGCC,CRISPR Guide Capture,ENSMUSG00000061589,Dot1l
Ms_Dot1l_1949_-,Ms_Dot1l_1949_-,R2,(BC)GTTTAAGAGCTATGCTGGAA,CAGGAGCTCCTGCTGGCGCT,CRISPR Guide Capture,ENSMUSG00000061589,Dot1l
Ms_Dot1l_1950_-,Ms_Dot1l_1950_-,R2,(BC)GTTTAAGAGCTATGCTGGAA,GCAGGAGCTCCTGCTGGCGC,CRISPR Guide Capture,ENSMUSG00000061589,Dot1l
Ms_Dot1l_1952_+,Ms_Dot1l_1952_+,R2,(BC)GTTTAAGAGCTATGCTGGAA,CGAGAAGACCCAGCGCCAGC,CRISPR Guide Capture,ENSMUSG00000061589,Dot1l
Ms_Dot1l_1956_-,Ms_Dot1l_1956_-,R2,(BC)GTTTAAGAGCTATGCTGGAA,TTAACTGCAGGAGCTCCTGC,CRISPR Guide Capture,ENSMUSG00000061589,Dot1l
Ms_Dot1l_1968_-,Ms_Dot1l_1968_-,R2,(BC)GTTTAAGAGCTATGCTGGAA,GTACACAGGACTTTAACTGC,CRISPR Guide Capture,ENSMUSG00000061589,Dot1l
Ms_Dot1l_1982_-,Ms_Dot1l_1982_-,R2,(BC)GTTTAAGAGCTATGCTGGAA,AGCATCATCTGGTGGTACAC,CRISPR Guide Capture,ENSMUSG00000061589,Dot1l
Ms_Dot1l_1990_-,Ms_Dot1l_1990_-,R2,(BC)GTTTAAGAGCTATGCTGGAA,AAAGACAAAGCATCATCTGG,CRISPR Guide Capture,ENSMUSG00000061589,Dot1l
Ms_Dot1l_1993_-,Ms_Dot1l_1993_-,R2,(BC)GTTTAAGAGCTATGCTGGAA,TGCAAAGACAAAGCATCATC,CRISPR Guide Capture,ENSMUSG00000061589,Dot1l
Ms_Dot1l_2013_+,Ms_Dot1l_2013_+,R2,(BC)GTTTAAGAGCTATGCTGGAA,GCTTTGTCTTTGCATCTGCG,CRISPR Guide Capture,ENSMUSG00000061589,Dot1l
Ms_Dot1l_2018_+,Ms_Dot1l_2018_+,R2,(BC)GTTTAAGAGCTATGCTGGAA,GTCTTTGCATCTGCGTGGCA,CRISPR Guide Capture,ENSMUSG00000061589,Dot1l
Ms_Dot1l_2019_+,Ms_Dot1l_2019_+,R2,(BC)GTTTAAGAGCTATGCTGGAA,TCTTTGCATCTGCGTGGCAA,CRISPR Guide Capture,ENSMUSG00000061589,Dot1l
Ms_Dot1l_2027_+,Ms_Dot1l_2027_+,R2,(BC)GTTTAAGAGCTATGCTGGAA,TCTGCGTGGCAAGGGTGCCC,CRISPR Guide Capture,ENSMUSG00000061589,Dot1l
Ms_Dot1l_2028_+,Ms_Dot1l_2028_+,R2,(BC)GTTTAAGAGCTATGCTGGAA,CTGCGTGGCAAGGGTGCCCT,CRISPR Guide Capture,ENSMUSG00000061589,Dot1l
Ms_Dot1l_2033_-,Ms_Dot1l_2033_-,R2,(BC)GTTTAAGAGCTATGCTGGAA,AGCCTCCAGCTCTCGGCCCA,CRISPR Guide Capture,ENSMUSG00000061589,Dot1l
Ms_Dot1l_2034_-,Ms_Dot1l_2034_-,R2,(BC)GTTTAAGAGCTATGCTGGAA,CAGCCTCCAGCTCTCGGCCC,CRISPR Guide Capture,ENSMUSG00000061589,Dot1l
Ms_Dot1l_2039_+,Ms_Dot1l_2039_+,R2,(BC)GTTTAAGAGCTATGCTGGAA,GGGTGCCCTGGGCCGAGAGC,CRISPR Guide Capture,ENSMUSG00000061589,Dot1l
Ms_Dot1l_2040_-,Ms_Dot1l_2040_-,R2,(BC)GTTTAAGAGCTATGCTGGAA,CAGCATCAGCCTCCAGCTCT,CRISPR Guide Capture,ENSMUSG00000061589,Dot1l
Ms_Dot1l_2042_+,Ms_Dot1l_2042_+,R2,(BC)GTTTAAGAGCTATGCTGGAA,TGCCCTGGGCCGAGAGCTGG,CRISPR Guide Capture,ENSMUSG00000061589,Dot1l
Ms_Dot1l_2052_+,Ms_Dot1l_2052_+,R2,(BC)GTTTAAGAGCTATGCTGGAA,CGAGAGCTGGAGGCTGATGC,CRISPR Guide Capture,ENSMUSG00000061589,Dot1l
Ms_Dot1l_2053_+,Ms_Dot1l_2053_+,R2,(BC)GTTTAAGAGCTATGCTGGAA,GAGAGCTGGAGGCTGATGCT,CRISPR Guide Capture,ENSMUSG00000061589,Dot1l
Ms_Dot1l_2072_+,Ms_Dot1l_2072_+,R2,(BC)GTTTAAGAGCTATGCTGGAA,TGGGCGCTTACGCCTTGAGC,CRISPR Guide Capture,ENSMUSG00000061589,Dot1l
Ms_Dot1l_2073_-,Ms_Dot1l_2073_-,R2,(BC)GTTTAAGAGCTATGCTGGAA,TCTTGGCACAGTCCAGCTCA,CRISPR Guide Capture,ENSMUSG00000061589,Dot1l
Ms_Dot1l_2090_-,Ms_Dot1l_2090_-,R2,(BC)GTTTAAGAGCTATGCTGGAA,GAGGTGTGGCAGGGAGATCT,CRISPR Guide Capture,ENSMUSG00000061589,Dot1l
Ms_Dot1l_2099_-,Ms_Dot1l_2099_-,R2,(BC)GTTTAAGAGCTATGCTGGAA,CATGCTGCTGAGGTGTGGCA,CRISPR Guide Capture,ENSMUSG00000061589,Dot1l
Ms_Dot1l_2100_-,Ms_Dot1l_2100_-,R2,(BC)GTTTAAGAGCTATGCTGGAA,TCATGCTGCTGAGGTGTGGC,CRISPR Guide Capture,ENSMUSG00000061589,Dot1l
Ms_Dot1l_2104_-,Ms_Dot1l_2104_-,R2,(BC)GTTTAAGAGCTATGCTGGAA,GGGCTCATGCTGCTGAGGTG,CRISPR Guide Capture,ENSMUSG00000061589,Dot1l
Ms_Dot1l_2109_-,Ms_Dot1l_2109_-,R2,(BC)GTTTAAGAGCTATGCTGGAA,GCTCAGGGCTCATGCTGCTG,CRISPR Guide Capture,ENSMUSG00000061589,Dot1l
Ms_Dot1l_2124_-,Ms_Dot1l_2124_-,R2,(BC)GTTTAAGAGCTATGCTGGAA,GGCCGTTCATGGACAGCTCA,CRISPR Guide Capture,ENSMUSG00000061589,Dot1l
Ms_Dot1l_2125_-,Ms_Dot1l_2125_-,R2,(BC)GTTTAAGAGCTATGCTGGAA,TGGCCGTTCATGGACAGCTC,CRISPR Guide Capture,ENSMUSG00000061589,Dot1l
Ms_Dot1l_2133_+,Ms_Dot1l_2133_+,R2,(BC)GTTTAAGAGCTATGCTGGAA,AGCCCTGAGCTGTCCATGAA,CRISPR Guide Capture,ENSMUSG00000061589,Dot1l
Ms_Dot1l_2135_-,Ms_Dot1l_2135_-,R2,(BC)GTTTAAGAGCTATGCTGGAA,GCTGGCAGCATGGCCGTTCA,CRISPR Guide Capture,ENSMUSG00000061589,Dot1l
Ms_Dot1l_2145_-,Ms_Dot1l_2145_-,R2,(BC)GTTTAAGAGCTATGCTGGAA,AGAGCTCATAGCTGGCAGCA,CRISPR Guide Capture,ENSMUSG00000061589,Dot1l
Ms_Dot1l_2153_-,Ms_Dot1l_2153_-,R2,(BC)GTTTAAGAGCTATGCTGGAA,TGCATTGCAGAGCTCATAGC,CRISPR Guide Capture,ENSMUSG00000061589,Dot1l
Ms_Dot1l_2173_+,Ms_Dot1l_2173_+,R2,(BC)GTTTAAGAGCTATGCTGGAA,AGCTCTGCAATGCAGCTAGT,CRISPR Guide Capture,ENSMUSG00000061589,Dot1l
Ms_Dot1l_2185_-,Ms_Dot1l_2185_-,R2,(BC)GTTTAAGAGCTATGCTGGAA,GGTGTGTTCTGCTTGGATGA,CRISPR Guide Capture,ENSMUSG00000061589,Dot1l
Ms_Dot1l_2192_-,Ms_Dot1l_2192_-,R2,(BC)GTTTAAGAGCTATGCTGGAA,GTACTGGGGTGTGTTCTGCT,CRISPR Guide Capture,ENSMUSG00000061589,Dot1l
Ms_Dot1l_2206_-,Ms_Dot1l_2206_-,R2,(BC)GTTTAAGAGCTATGCTGGAA,AAGGGAGAGGCCAGGTACTG,CRISPR Guide Capture,ENSMUSG00000061589,Dot1l
Ms_Dot1l_2208_-,Ms_Dot1l_2208_-,R2,(BC)GTTTAAGAGCTATGCTGGAA,CCAAGGGAGAGGCCAGGTAC,CRISPR Guide Capture,ENSMUSG00000061589,Dot1l
Ms_Dot1l_2214_-,Ms_Dot1l_2214_-,R2,(BC)GTTTAAGAGCTATGCTGGAA,CCTGGTCCAAGGGAGAGGCC,CRISPR Guide Capture,ENSMUSG00000061589,Dot1l
Ms_Dot1l_2219_+,Ms_Dot1l_2219_+,R2,(BC)GTTTAAGAGCTATGCTGGAA,CCAGTACCTGGCCTCTCCCT,CRISPR Guide Capture,ENSMUSG00000061589,Dot1l
Ms_Dot1l_2224_-,Ms_Dot1l_2224_-,R2,(BC)GTTTAAGAGCTATGCTGGAA,GGTACGACCTCCTGGTCCAA,CRISPR Guide Capture,ENSMUSG00000061589,Dot1l
Ms_Dot1l_2225_-,Ms_Dot1l_2225_-,R2,(BC)GTTTAAGAGCTATGCTGGAA,AGGTACGACCTCCTGGTCCA,CRISPR Guide Capture,ENSMUSG00000061589,Dot1l
Ms_Dot1l_2228_+,Ms_Dot1l_2228_+,R2,(BC)GTTTAAGAGCTATGCTGGAA,GGCCTCTCCCTTGGACCAGG,CRISPR Guide Capture,ENSMUSG00000061589,Dot1l
Ms_Dot1l_2232_-,Ms_Dot1l_2232_-,R2,(BC)GTTTAAGAGCTATGCTGGAA,GGGTACAAGGTACGACCTCC,CRISPR Guide Capture,ENSMUSG00000061589,Dot1l
Ms_Dot1l_2245_-,Ms_Dot1l_2245_-,R2,(BC)GTTTAAGAGCTATGCTGGAA,CCACTGTGGCTAGGGGTACA,CRISPR Guide Capture,ENSMUSG00000061589,Dot1l
Ms_Dot1l_2252_-,Ms_Dot1l_2252_-,R2,(BC)GTTTAAGAGCTATGCTGGAA,AGGCCGGCCACTGTGGCTAG,CRISPR Guide Capture,ENSMUSG00000061589,Dot1l
Ms_Dot1l_2254_-,Ms_Dot1l_2254_-,R2,(BC)GTTTAAGAGCTATGCTGGAA,CGAGGCCGGCCACTGTGGCT,CRISPR Guide Capture,ENSMUSG00000061589,Dot1l
Ms_Dot1l_2256_+,Ms_Dot1l_2256_+,R2,(BC)GTTTAAGAGCTATGCTGGAA,CCTTGTACCCCTAGCCACAG,CRISPR Guide Capture,ENSMUSG00000061589,Dot1l
Ms_Dot1l_2259_-,Ms_Dot1l_2259_-,R2,(BC)GTTTAAGAGCTATGCTGGAA,CTAGCCGAGGCCGGCCACTG,CRISPR Guide Capture,ENSMUSG00000061589,Dot1l
Ms_Dot1l_2260_+,Ms_Dot1l_2260_+,R2,(BC)GTTTAAGAGCTATGCTGGAA,GTACCCCTAGCCACAGTGGC,CRISPR Guide Capture,ENSMUSG00000061589,Dot1l
Ms_Dot1l_2266_+,Ms_Dot1l_2266_+,R2,(BC)GTTTAAGAGCTATGCTGGAA,CTAGCCACAGTGGCCGGCCT,CRISPR Guide Capture,ENSMUSG00000061589,Dot1l
Ms_Dot1l_2268_-,Ms_Dot1l_2268_-,R2,(BC)GTTTAAGAGCTATGCTGGAA,ACAGCTTTTCTAGCCGAGGC,CRISPR Guide Capture,ENSMUSG00000061589,Dot1l
Ms_Dot1l_2272_-,Ms_Dot1l_2272_-,R2,(BC)GTTTAAGAGCTATGCTGGAA,CCAGACAGCTTTTCTAGCCG,CRISPR Guide Capture,ENSMUSG00000061589,Dot1l
Ms_Dot1l_2283_+,Ms_Dot1l_2283_+,R2,(BC)GTTTAAGAGCTATGCTGGAA,CCTCGGCTAGAAAAGCTGTC,CRISPR Guide Capture,ENSMUSG00000061589,Dot1l
Ms_Dot1l_2288_+,Ms_Dot1l_2288_+,R2,(BC)GTTTAAGAGCTATGCTGGAA,GCTAGAAAAGCTGTCTGGCC,CRISPR Guide Capture,ENSMUSG00000061589,Dot1l
Ms_Dot1l_2295_-,Ms_Dot1l_2295_-,R2,(BC)GTTTAAGAGCTATGCTGGAA,GGGTGTAATCAGGCAAAGCC,CRISPR Guide Capture,ENSMUSG00000061589,Dot1l
Ms_Dot1l_2305_-,Ms_Dot1l_2305_-,R2,(BC)GTTTAAGAGCTATGCTGGAA,GGTGACAACCGGGTGTAATC,CRISPR Guide Capture,ENSMUSG00000061589,Dot1l
Ms_Dot1l_2308_+,Ms_Dot1l_2308_+,R2,(BC)GTTTAAGAGCTATGCTGGAA,TGGCTTTGCCTGATTACACC,CRISPR Guide Capture,ENSMUSG00000061589,Dot1l
Ms_Dot1l_2315_-,Ms_Dot1l_2315_-,R2,(BC)GTTTAAGAGCTATGCTGGAA,AATCTTGGCAGGTGACAACC,CRISPR Guide Capture,ENSMUSG00000061589,Dot1l
Ms_Dot1l_2316_-,Ms_Dot1l_2316_-,R2,(BC)GTTTAAGAGCTATGCTGGAA,CAATCTTGGCAGGTGACAAC,CRISPR Guide Capture,ENSMUSG00000061589,Dot1l
Ms_Dot1l_2326_-,Ms_Dot1l_2326_-,R2,(BC)GTTTAAGAGCTATGCTGGAA,CGCCTCAACACAATCTTGGC,CRISPR Guide Capture,ENSMUSG00000061589,Dot1l
Ms_Dot1l_2330_-,Ms_Dot1l_2330_-,R2,(BC)GTTTAAGAGCTATGCTGGAA,GTGCCGCCTCAACACAATCT,CRISPR Guide Capture,ENSMUSG00000061589,Dot1l
Ms_Dot1l_2335_+,Ms_Dot1l_2335_+,R2,(BC)GTTTAAGAGCTATGCTGGAA,CACCTGCCAAGATTGTGTTG,CRISPR Guide Capture,ENSMUSG00000061589,Dot1l
Ms_Dot1l_2338_+,Ms_Dot1l_2338_+,R2,(BC)GTTTAAGAGCTATGCTGGAA,CTGCCAAGATTGTGTTGAGG,CRISPR Guide Capture,ENSMUSG00000061589,Dot1l
Ms_Dot1l_2351_+,Ms_Dot1l_2351_+,R2,(BC)GTTTAAGAGCTATGCTGGAA,GTTGAGGCGGCACCTGAGCC,CRISPR Guide Capture,ENSMUSG00000061589,Dot1l
Ms_Dot1l_2352_-,Ms_Dot1l_2352_-,R2,(BC)GTTTAAGAGCTATGCTGGAA,CCCCAGTGTGGTCCTGGCTC,CRISPR Guide Capture,ENSMUSG00000061589,Dot1l
Ms_Dot1l_2358_-,Ms_Dot1l_2358_-,R2,(BC)GTTTAAGAGCTATGCTGGAA,TGCTAGCCCCAGTGTGGTCC,CRISPR Guide Capture,ENSMUSG00000061589,Dot1l
Ms_Dot1l_2361_+,Ms_Dot1l_2361_+,R2,(BC)GTTTAAGAGCTATGCTGGAA,CACCTGAGCCAGGACCACAC,CRISPR Guide Capture,ENSMUSG00000061589,Dot1l
Ms_Dot1l_2364_-,Ms_Dot1l_2364_-,R2,(BC)GTTTAAGAGCTATGCTGGAA,CTGCTTTGCTAGCCCCAGTG,CRISPR Guide Capture,ENSMUSG00000061589,Dot1l
Ms_Dot1l_2418_-,Ms_Dot1l_2418_-,R2,(BC)GTTTAAGAGCTATGCTGGAA,AGGGAAGGCTGCTCTCCTTG,CRISPR Guide Capture,ENSMUSG00000061589,Dot1l
Ms_Dot1l_2420_-,Ms_Dot1l_2420_-,R2,(BC)GTTTAAGAGCTATGCTGGAA,GTAGGGAAGGCTGCTCTCCT,CRISPR Guide Capture,ENSMUSG00000061589,Dot1l
Ms_Dot1l_2433_-,Ms_Dot1l_2433_-,R2,(BC)GTTTAAGAGCTATGCTGGAA,AGCCAGGGCTCTGGTAGGGA,CRISPR Guide Capture,ENSMUSG00000061589,Dot1l
Ms_Dot1l_2437_-,Ms_Dot1l_2437_-,R2,(BC)GTTTAAGAGCTATGCTGGAA,GACAAGCCAGGGCTCTGGTA,CRISPR Guide Capture,ENSMUSG00000061589,Dot1l
Ms_Dot1l_2438_-,Ms_Dot1l_2438_-,R2,(BC)GTTTAAGAGCTATGCTGGAA,GGACAAGCCAGGGCTCTGGT,CRISPR Guide Capture,ENSMUSG00000061589,Dot1l
Ms_Dot1l_2442_+,Ms_Dot1l_2442_+,R2,(BC)GTTTAAGAGCTATGCTGGAA,AGCCTTCCCTACCAGAGCCC,CRISPR Guide Capture,ENSMUSG00000061589,Dot1l
Ms_Dot1l_2448_-,Ms_Dot1l_2448_-,R2,(BC)GTTTAAGAGCTATGCTGGAA,TCATGCTGTTGGACAAGCCA,CRISPR Guide Capture,ENSMUSG00000061589,Dot1l
Ms_Dot1l_2449_-,Ms_Dot1l_2449_-,R2,(BC)GTTTAAGAGCTATGCTGGAA,TTCATGCTGTTGGACAAGCC,CRISPR Guide Capture,ENSMUSG00000061589,Dot1l
Ms_Dot1l_2459_-,Ms_Dot1l_2459_-,R2,(BC)GTTTAAGAGCTATGCTGGAA,GGGGCTGAGCTTCATGCTGT,CRISPR Guide Capture,ENSMUSG00000061589,Dot1l
Ms_Dot1l_2474_+,Ms_Dot1l_2474_+,R2,(BC)GTTTAAGAGCTATGCTGGAA,CAGCATGAAGCTCAGCCCCC,CRISPR Guide Capture,ENSMUSG00000061589,Dot1l
Ms_Dot1l_2478_-,Ms_Dot1l_2478_-,R2,(BC)GTTTAAGAGCTATGCTGGAA,AGGCCAGTGGTGGATCCTGG,CRISPR Guide Capture,ENSMUSG00000061589,Dot1l
Ms_Dot1l_2481_-,Ms_Dot1l_2481_-,R2,(BC)GTTTAAGAGCTATGCTGGAA,GGGAGGCCAGTGGTGGATCC,CRISPR Guide Capture,ENSMUSG00000061589,Dot1l
Ms_Dot1l_2486_+,Ms_Dot1l_2486_+,R2,(BC)GTTTAAGAGCTATGCTGGAA,CAGCCCCCAGGATCCACCAC,CRISPR Guide Capture,ENSMUSG00000061589,Dot1l
Ms_Dot1l_2488_-,Ms_Dot1l_2488_-,R2,(BC)GTTTAAGAGCTATGCTGGAA,GTTGCCGGGGAGGCCAGTGG,CRISPR Guide Capture,ENSMUSG00000061589,Dot1l
Ms_Dot1l_2491_-,Ms_Dot1l_2491_-,R2,(BC)GTTTAAGAGCTATGCTGGAA,GAGGTTGCCGGGGAGGCCAG,CRISPR Guide Capture,ENSMUSG00000061589,Dot1l
Ms_Dot1l_2495_+,Ms_Dot1l_2495_+,R2,(BC)GTTTAAGAGCTATGCTGGAA,GGATCCACCACTGGCCTCCC,CRISPR Guide Capture,ENSMUSG00000061589,Dot1l
Ms_Dot1l_2498_-,Ms_Dot1l_2498_-,R2,(BC)GTTTAAGAGCTATGCTGGAA,GAGGGGCGAGGTTGCCGGGG,CRISPR Guide Capture,ENSMUSG00000061589,Dot1l
Ms_Dot1l_2501_-,Ms_Dot1l_2501_-,R2,(BC)GTTTAAGAGCTATGCTGGAA,GGTGAGGGGCGAGGTTGCCG,CRISPR Guide Capture,ENSMUSG00000061589,Dot1l
Ms_Dot1l_2503_-,Ms_Dot1l_2503_-,R2,(BC)GTTTAAGAGCTATGCTGGAA,GAGGTGAGGGGCGAGGTTGC,CRISPR Guide Capture,ENSMUSG00000061589,Dot1l
Ms_Dot1l_2510_-,Ms_Dot1l_2510_-,R2,(BC)GTTTAAGAGCTATGCTGGAA,TTTCTCGGAGGTGAGGGGCG,CRISPR Guide Capture,ENSMUSG00000061589,Dot1l
Ms_Dot1l_2515_-,Ms_Dot1l_2515_-,R2,(BC)GTTTAAGAGCTATGCTGGAA,CTACCTTTCTCGGAGGTGAG,CRISPR Guide Capture,ENSMUSG00000061589,Dot1l
Ms_Dot1l_2517_-,Ms_Dot1l_2517_-,R2,(BC)GTTTAAGAGCTATGCTGGAA,CACTACCTTTCTCGGAGGTG,CRISPR Guide Capture,ENSMUSG00000061589,Dot1l
Ms_Dot1l_2523_+,Ms_Dot1l_2523_+,R2,(BC)GTTTAAGAGCTATGCTGGAA,TCGCCCCTCACCTCCGAGAA,CRISPR Guide Capture,ENSMUSG00000061589,Dot1l
Ms_Dot1l_2561_-,Ms_Dot1l_2561_-,R2,(BC)GTTTAAGAGCTATGCTGGAA,GGTCTCCCCGTGGCTGCTGT,CRISPR Guide Capture,ENSMUSG00000061589,Dot1l
Ms_Dot1l_2565_+,Ms_Dot1l_2565_+,R2,(BC)GTTTAAGAGCTATGCTGGAA,GAGCGTGCCTACAGCAGCCA,CRISPR Guide Capture,ENSMUSG00000061589,Dot1l
Ms_Dot1l_2567_+,Ms_Dot1l_2567_+,R2,(BC)GTTTAAGAGCTATGCTGGAA,GCGTGCCTACAGCAGCCACG,CRISPR Guide Capture,ENSMUSG00000061589,Dot1l
Ms_Dot1l_2571_-,Ms_Dot1l_2571_-,R2,(BC)GTTTAAGAGCTATGCTGGAA,GGCTGGTGATGGTCTCCCCG,CRISPR Guide Capture,ENSMUSG00000061589,Dot1l
Ms_Dot1l_2582_-,Ms_Dot1l_2582_-,R2,(BC)GTTTAAGAGCTATGCTGGAA,GCTAACAGGTAGGCTGGTGA,CRISPR Guide Capture,ENSMUSG00000061589,Dot1l
Ms_Dot1l_2588_-,Ms_Dot1l_2588_-,R2,(BC)GTTTAAGAGCTATGCTGGAA,TGGAATGCTAACAGGTAGGC,CRISPR Guide Capture,ENSMUSG00000061589,Dot1l
Ms_Dot1l_2592_-,Ms_Dot1l_2592_-,R2,(BC)GTTTAAGAGCTATGCTGGAA,TGAGTGGAATGCTAACAGGT,CRISPR Guide Capture,ENSMUSG00000061589,Dot1l
Ms_Dot1l_2596_-,Ms_Dot1l_2596_-,R2,(BC)GTTTAAGAGCTATGCTGGAA,GTGCTGAGTGGAATGCTAAC,CRISPR Guide Capture,ENSMUSG00000061589,Dot1l
Ms_Dot1l_2608_-,Ms_Dot1l_2608_-,R2,(BC)GTTTAAGAGCTATGCTGGAA,TTGGGCTGCACTGTGCTGAG,CRISPR Guide Capture,ENSMUSG00000061589,Dot1l
Ms_Dot1l_2626_-,Ms_Dot1l_2626_-,R2,(BC)GTTTAAGAGCTATGCTGGAA,ATGCTGACCGGCAGCTTGTT,CRISPR Guide Capture,ENSMUSG00000061589,Dot1l
Ms_Dot1l_2627_-,Ms_Dot1l_2627_-,R2,(BC)GTTTAAGAGCTATGCTGGAA,GATGCTGACCGGCAGCTTGT,CRISPR Guide Capture,ENSMUSG00000061589,Dot1l
Ms_Dot1l_2630_+,Ms_Dot1l_2630_+,R2,(BC)GTTTAAGAGCTATGCTGGAA,AGTGCAGCCCAACAAGCTGC,CRISPR Guide Capture,ENSMUSG00000061589,Dot1l
Ms_Dot1l_2638_-,Ms_Dot1l_2638_-,R2,(BC)GTTTAAGAGCTATGCTGGAA,CTGGCCAGTGGGATGCTGAC,CRISPR Guide Capture,ENSMUSG00000061589,Dot1l
Ms_Dot1l_2645_+,Ms_Dot1l_2645_+,R2,(BC)GTTTAAGAGCTATGCTGGAA,GCTGCCGGTCAGCATCCCAC,CRISPR Guide Capture,ENSMUSG00000061589,Dot1l
Ms_Dot1l_2649_-,Ms_Dot1l_2649_-,R2,(BC)GTTTAAGAGCTATGCTGGAA,GCAGCACCACGCTGGCCAGT,CRISPR Guide Capture,ENSMUSG00000061589,Dot1l
Ms_Dot1l_2650_-,Ms_Dot1l_2650_-,R2,(BC)GTTTAAGAGCTATGCTGGAA,GGCAGCACCACGCTGGCCAG,CRISPR Guide Capture,ENSMUSG00000061589,Dot1l
Ms_Dot1l_2654_+,Ms_Dot1l_2654_+,R2,(BC)GTTTAAGAGCTATGCTGGAA,CAGCATCCCACTGGCCAGCG,CRISPR Guide Capture,ENSMUSG00000061589,Dot1l
Ms_Dot1l_2657_-,Ms_Dot1l_2657_-,R2,(BC)GTTTAAGAGCTATGCTGGAA,ACGGCTGGGCAGCACCACGC,CRISPR Guide Capture,ENSMUSG00000061589,Dot1l
Ms_Dot1l_2677_+,Ms_Dot1l_2677_+,R2,(BC)GTTTAAGAGCTATGCTGGAA,TGCTGCCCAGCCGTGCTGAG,CRISPR Guide Capture,ENSMUSG00000061589,Dot1l
Ms_Dot1l_2701_-,Ms_Dot1l_2701_-,R2,(BC)GTTTAAGAGCTATGCTGGAA,CGGGGCTGTGGCACAGGGCT,CRISPR Guide Capture,ENSMUSG00000061589,Dot1l
Ms_Dot1l_2702_-,Ms_Dot1l_2702_-,R2,(BC)GTTTAAGAGCTATGCTGGAA,CCGGGGCTGTGGCACAGGGC,CRISPR Guide Capture,ENSMUSG00000061589,Dot1l
Ms_Dot1l_2706_-,Ms_Dot1l_2706_-,R2,(BC)GTTTAAGAGCTATGCTGGAA,AGTCCCGGGGCTGTGGCACA,CRISPR Guide Capture,ENSMUSG00000061589,Dot1l
Ms_Dot1l_2707_-,Ms_Dot1l_2707_-,R2,(BC)GTTTAAGAGCTATGCTGGAA,GAGTCCCGGGGCTGTGGCAC,CRISPR Guide Capture,ENSMUSG00000061589,Dot1l
Ms_Dot1l_2713_-,Ms_Dot1l_2713_-,R2,(BC)GTTTAAGAGCTATGCTGGAA,GCTGAAGAGTCCCGGGGCTG,CRISPR Guide Capture,ENSMUSG00000061589,Dot1l
Ms_Dot1l_2714_+,Ms_Dot1l_2714_+,R2,(BC)GTTTAAGAGCTATGCTGGAA,CAGCCCTGTGCCACAGCCCC,CRISPR Guide Capture,ENSMUSG00000061589,Dot1l
Ms_Dot1l_2719_-,Ms_Dot1l_2719_-,R2,(BC)GTTTAAGAGCTATGCTGGAA,AGTGTGGCTGAAGAGTCCCG,CRISPR Guide Capture,ENSMUSG00000061589,Dot1l
Ms_Dot1l_2721_-,Ms_Dot1l_2721_-,R2,(BC)GTTTAAGAGCTATGCTGGAA,CAAGTGTGGCTGAAGAGTCC,CRISPR Guide Capture,ENSMUSG00000061589,Dot1l
Ms_Dot1l_2735_-,Ms_Dot1l_2735_-,R2,(BC)GTTTAAGAGCTATGCTGGAA,ACCAGTCTGCTTCTCAAGTG,CRISPR Guide Capture,ENSMUSG00000061589,Dot1l
Ms_Dot1l_2745_+,Ms_Dot1l_2745_+,R2,(BC)GTTTAAGAGCTATGCTGGAA,GCCACACTTGAGAAGCAGAC,CRISPR Guide Capture,ENSMUSG00000061589,Dot1l
Ms_Dot1l_2760_+,Ms_Dot1l_2760_+,R2,(BC)GTTTAAGAGCTATGCTGGAA,CAGACTGGTGCTTCTGCCCA,CRISPR Guide Capture,ENSMUSG00000061589,Dot1l
Ms_Dot1l_2765_-,Ms_Dot1l_2765_-,R2,(BC)GTTTAAGAGCTATGCTGGAA,TCCAGCACCCCCTGCACCAT,CRISPR Guide Capture,ENSMUSG00000061589,Dot1l
Ms_Dot1l_2769_+,Ms_Dot1l_2769_+,R2,(BC)GTTTAAGAGCTATGCTGGAA,GCTTCTGCCCATGGTGCAGG,CRISPR Guide Capture,ENSMUSG00000061589,Dot1l
Ms_Dot1l_2775_+,Ms_Dot1l_2775_+,R2,(BC)GTTTAAGAGCTATGCTGGAA,GCCCATGGTGCAGGGGGTGC,CRISPR Guide Capture,ENSMUSG00000061589,Dot1l
Ms_Dot1l_2781_+,Ms_Dot1l_2781_+,R2,(BC)GTTTAAGAGCTATGCTGGAA,GGTGCAGGGGGTGCTGGAGC,CRISPR Guide Capture,ENSMUSG00000061589,Dot1l
Ms_Dot1l_2788_+,Ms_Dot1l_2788_+,R2,(BC)GTTTAAGAGCTATGCTGGAA,GGGGTGCTGGAGCAGGAAGC,CRISPR Guide Capture,ENSMUSG00000061589,Dot1l
Ms_Dot1l_2801_+,Ms_Dot1l_2801_+,R2,(BC)GTTTAAGAGCTATGCTGGAA,AGGAAGCAGGAGCCTCGCTG,CRISPR Guide Capture,ENSMUSG00000061589,Dot1l
Ms_Dot1l_2841_+,Ms_Dot1l_2841_+,R2,(BC)GTTTAAGAGCTATGCTGGAA,GCTGGTTCGGTGGCCATCAG,CRISPR Guide Capture,ENSMUSG00000061589,Dot1l
Ms_Dot1l_2843_+,Ms_Dot1l_2843_+,R2,(BC)GTTTAAGAGCTATGCTGGAA,TGGTTCGGTGGCCATCAGTG,CRISPR Guide Capture,ENSMUSG00000061589,Dot1l
Ms_Dot1l_2849_+,Ms_Dot1l_2849_+,R2,(BC)GTTTAAGAGCTATGCTGGAA,GGTGGCCATCAGTGGGGCCC,CRISPR Guide Capture,ENSMUSG00000061589,Dot1l
Ms_Dot1l_2855_-,Ms_Dot1l_2855_-,R2,(BC)GTTTAAGAGCTATGCTGGAA,AGGTGCTGGGCTGCTGGCCA,CRISPR Guide Capture,ENSMUSG00000061589,Dot1l
Ms_Dot1l_2856_-,Ms_Dot1l_2856_-,R2,(BC)GTTTAAGAGCTATGCTGGAA,GAGGTGCTGGGCTGCTGGCC,CRISPR Guide Capture,ENSMUSG00000061589,Dot1l
Ms_Dot1l_2861_-,Ms_Dot1l_2861_-,R2,(BC)GTTTAAGAGCTATGCTGGAA,GGCCAGAGGTGCTGGGCTGC,CRISPR Guide Capture,ENSMUSG00000061589,Dot1l
Ms_Dot1l_2868_-,Ms_Dot1l_2868_-,R2,(BC)GTTTAAGAGCTATGCTGGAA,TTCCAGAGGCCAGAGGTGCT,CRISPR Guide Capture,ENSMUSG00000061589,Dot1l
Ms_Dot1l_2870_+,Ms_Dot1l_2870_+,R2,(BC)GTTTAAGAGCTATGCTGGAA,GGCCAGCAGCCCAGCACCTC,CRISPR Guide Capture,ENSMUSG00000061589,Dot1l
Ms_Dot1l_2875_-,Ms_Dot1l_2875_-,R2,(BC)GTTTAAGAGCTATGCTGGAA,GATTCCATTCCAGAGGCCAG,CRISPR Guide Capture,ENSMUSG00000061589,Dot1l
Ms_Dot1l_2877_+,Ms_Dot1l_2877_+,R2,(BC)GTTTAAGAGCTATGCTGGAA,AGCCCAGCACCTCTGGCCTC,CRISPR Guide Capture,ENSMUSG00000061589,Dot1l
Ms_Dot1l_2882_-,Ms_Dot1l_2882_-,R2,(BC)GTTTAAGAGCTATGCTGGAA,AACAGCAGATTCCATTCCAG,CRISPR Guide Capture,ENSMUSG00000061589,Dot1l
Ms_Dot1l_2910_+,Ms_Dot1l_2910_+,R2,(BC)GTTTAAGAGCTATGCTGGAA,GCTGTTTTTGATGAATCCTC,CRISPR Guide Capture,ENSMUSG00000061589,Dot1l
Ms_Dot1l_2915_-,Ms_Dot1l_2915_-,R2,(BC)GTTTAAGAGCTATGCTGGAA,AAAGAGGCTGCTGGGGCCAG,CRISPR Guide Capture,ENSMUSG00000061589,Dot1l
Ms_Dot1l_2922_-,Ms_Dot1l_2922_-,R2,(BC)GTTTAAGAGCTATGCTGGAA,TGGTGGCAAAGAGGCTGCTG,CRISPR Guide Capture,ENSMUSG00000061589,Dot1l
Ms_Dot1l_2924_-,Ms_Dot1l_2924_-,R2,(BC)GTTTAAGAGCTATGCTGGAA,CATGGTGGCAAAGAGGCTGC,CRISPR Guide Capture,ENSMUSG00000061589,Dot1l
Ms_Dot1l_2931_-,Ms_Dot1l_2931_-,R2,(BC)GTTTAAGAGCTATGCTGGAA,GAGACCCCATGGTGGCAAAG,CRISPR Guide Capture,ENSMUSG00000061589,Dot1l
Ms_Dot1l_2936_+,Ms_Dot1l_2936_+,R2,(BC)GTTTAAGAGCTATGCTGGAA,CAGCAGCCTCTTTGCCACCA,CRISPR Guide Capture,ENSMUSG00000061589,Dot1l
Ms_Dot1l_2939_-,Ms_Dot1l_2939_-,R2,(BC)GTTTAAGAGCTATGCTGGAA,TGTGCTGCGAGACCCCATGG,CRISPR Guide Capture,ENSMUSG00000061589,Dot1l
Ms_Dot1l_2942_-,Ms_Dot1l_2942_-,R2,(BC)GTTTAAGAGCTATGCTGGAA,TGGTGTGCTGCGAGACCCCA,CRISPR Guide Capture,ENSMUSG00000061589,Dot1l
Ms_Dot1l_2962_-,Ms_Dot1l_2962_-,R2,(BC)GTTTAAGAGCTATGCTGGAA,AGGAGAGGTGGGTGTTGTGG,CRISPR Guide Capture,ENSMUSG00000061589,Dot1l
Ms_Dot1l_2965_-,Ms_Dot1l_2965_-,R2,(BC)GTTTAAGAGCTATGCTGGAA,GACAGGAGAGGTGGGTGTTG,CRISPR Guide Capture,ENSMUSG00000061589,Dot1l
Ms_Dot1l_2973_-,Ms_Dot1l_2973_-,R2,(BC)GTTTAAGAGCTATGCTGGAA,GGGACTGCGACAGGAGAGGT,CRISPR Guide Capture,ENSMUSG00000061589,Dot1l
Ms_Dot1l_2974_-,Ms_Dot1l_2974_-,R2,(BC)GTTTAAGAGCTATGCTGGAA,CGGGACTGCGACAGGAGAGG,CRISPR Guide Capture,ENSMUSG00000061589,Dot1l
Ms_Dot1l_2977_-,Ms_Dot1l_2977_-,R2,(BC)GTTTAAGAGCTATGCTGGAA,TTGCGGGACTGCGACAGGAG,CRISPR Guide Capture,ENSMUSG00000061589,Dot1l
Ms_Dot1l_2982_-,Ms_Dot1l_2982_-,R2,(BC)GTTTAAGAGCTATGCTGGAA,CCGAGTTGCGGGACTGCGAC,CRISPR Guide Capture,ENSMUSG00000061589,Dot1l
Ms_Dot1l_2993_+,Ms_Dot1l_2993_+,R2,(BC)GTTTAAGAGCTATGCTGGAA,CCTGTCGCAGTCCCGCAACT,CRISPR Guide Capture,ENSMUSG00000061589,Dot1l
Ms_Dot1l_2994_-,Ms_Dot1l_2994_-,R2,(BC)GTTTAAGAGCTATGCTGGAA,GAGAGGCAGGACCCGAGTTG,CRISPR Guide Capture,ENSMUSG00000061589,Dot1l
Ms_Dot1l_3007_-,Ms_Dot1l_3007_-,R2,(BC)GTTTAAGAGCTATGCTGGAA,AGTTGGTGGGCAGGAGAGGC,CRISPR Guide Capture,ENSMUSG00000061589,Dot1l
Ms_Dot1l_3011_-,Ms_Dot1l_3011_-,R2,(BC)GTTTAAGAGCTATGCTGGAA,TGTGAGTTGGTGGGCAGGAG,CRISPR Guide Capture,ENSMUSG00000061589,Dot1l
Ms_Dot1l_3016_-,Ms_Dot1l_3016_-,R2,(BC)GTTTAAGAGCTATGCTGGAA,CTGGCTGTGAGTTGGTGGGC,CRISPR Guide Capture,ENSMUSG00000061589,Dot1l
Ms_Dot1l_3020_-,Ms_Dot1l_3020_-,R2,(BC)GTTTAAGAGCTATGCTGGAA,GGGACTGGCTGTGAGTTGGT,CRISPR Guide Capture,ENSMUSG00000061589,Dot1l
Ms_Dot1l_3021_-,Ms_Dot1l_3021_-,R2,(BC)GTTTAAGAGCTATGCTGGAA,GGGGACTGGCTGTGAGTTGG,CRISPR Guide Capture,ENSMUSG00000061589,Dot1l
Ms_Dot1l_3024_-,Ms_Dot1l_3024_-,R2,(BC)GTTTAAGAGCTATGCTGGAA,GGCGGGGACTGGCTGTGAGT,CRISPR Guide Capture,ENSMUSG00000061589,Dot1l
Ms_Dot1l_3035_-,Ms_Dot1l_3035_-,R2,(BC)GTTTAAGAGCTATGCTGGAA,GGTCACACTCAGGCGGGGAC,CRISPR Guide Capture,ENSMUSG00000061589,Dot1l
Ms_Dot1l_3040_-,Ms_Dot1l_3040_-,R2,(BC)GTTTAAGAGCTATGCTGGAA,TGAGTGGTCACACTCAGGCG,CRISPR Guide Capture,ENSMUSG00000061589,Dot1l
Ms_Dot1l_3042_-,Ms_Dot1l_3042_-,R2,(BC)GTTTAAGAGCTATGCTGGAA,CCTGAGTGGTCACACTCAGG,CRISPR Guide Capture,ENSMUSG00000061589,Dot1l
Ms_Dot1l_3045_-,Ms_Dot1l_3045_-,R2,(BC)GTTTAAGAGCTATGCTGGAA,AGCCCTGAGTGGTCACACTC,CRISPR Guide Capture,ENSMUSG00000061589,Dot1l
Ms_Dot1l_3053_+,Ms_Dot1l_3053_+,R2,(BC)GTTTAAGAGCTATGCTGGAA,CCGCCTGAGTGTGACCACTC,CRISPR Guide Capture,ENSMUSG00000061589,Dot1l
Ms_Dot1l_3054_+,Ms_Dot1l_3054_+,R2,(BC)GTTTAAGAGCTATGCTGGAA,CGCCTGAGTGTGACCACTCA,CRISPR Guide Capture,ENSMUSG00000061589,Dot1l
Ms_Dot1l_3056_-,Ms_Dot1l_3056_-,R2,(BC)GTTTAAGAGCTATGCTGGAA,GTCTGGCAGCGAGCCCTGAG,CRISPR Guide Capture,ENSMUSG00000061589,Dot1l
Ms_Dot1l_3073_-,Ms_Dot1l_3073_-,R2,(BC)GTTTAAGAGCTATGCTGGAA,AGTTCCCCTTTGCTGGTGTC,CRISPR Guide Capture,ENSMUSG00000061589,Dot1l
Ms_Dot1l_3078_+,Ms_Dot1l_3078_+,R2,(BC)GTTTAAGAGCTATGCTGGAA,TCGCTGCCAGACACCAGCAA,CRISPR Guide Capture,ENSMUSG00000061589,Dot1l
Ms_Dot1l_3080_+,Ms_Dot1l_3080_+,R2,(BC)GTTTAAGAGCTATGCTGGAA,GCTGCCAGACACCAGCAAAG,CRISPR Guide Capture,ENSMUSG00000061589,Dot1l
Ms_Dot1l_3097_-,Ms_Dot1l_3097_-,R2,(BC)GTTTAAGAGCTATGCTGGAA,TCTGAGAAGGCAGGATCAGA,CRISPR Guide Capture,ENSMUSG00000061589,Dot1l
Ms_Dot1l_3106_-,Ms_Dot1l_3106_-,R2,(BC)GTTTAAGAGCTATGCTGGAA,CTCTCTGGGTCTGAGAAGGC,CRISPR Guide Capture,ENSMUSG00000061589,Dot1l
Ms_Dot1l_3110_-,Ms_Dot1l_3110_-,R2,(BC)GTTTAAGAGCTATGCTGGAA,TTCGCTCTCTGGGTCTGAGA,CRISPR Guide Capture,ENSMUSG00000061589,Dot1l
Ms_Dot1l_3120_-,Ms_Dot1l_3120_-,R2,(BC)GTTTAAGAGCTATGCTGGAA,TCCTTTTTGCTTCGCTCTCT,CRISPR Guide Capture,ENSMUSG00000061589,Dot1l
Ms_Dot1l_3121_-,Ms_Dot1l_3121_-,R2,(BC)GTTTAAGAGCTATGCTGGAA,CTCCTTTTTGCTTCGCTCTC,CRISPR Guide Capture,ENSMUSG00000061589,Dot1l
Ms_Dot1l_3130_+,Ms_Dot1l_3130_+,R2,(BC)GTTTAAGAGCTATGCTGGAA,ACCCAGAGAGCGAAGCAAAA,CRISPR Guide Capture,ENSMUSG00000061589,Dot1l
Ms_Dot1l_3133_+,Ms_Dot1l_3133_+,R2,(BC)GTTTAAGAGCTATGCTGGAA,CAGAGAGCGAAGCAAAAAGG,CRISPR Guide Capture,ENSMUSG00000061589,Dot1l
Ms_Dot1l_3156_+,Ms_Dot1l_3156_+,R2,(BC)GTTTAAGAGCTATGCTGGAA,ATTGTGTTCAGCATTTCAGT,CRISPR Guide Capture,ENSMUSG00000061589,Dot1l
Ms_Dot1l_3170_-,Ms_Dot1l_3170_-,R2,(BC)GTTTAAGAGCTATGCTGGAA,GGAAGGTGACTGCTTGGAGC,CRISPR Guide Capture,ENSMUSG00000061589,Dot1l
Ms_Dot1l_3176_-,Ms_Dot1l_3176_-,R2,(BC)GTTTAAGAGCTATGCTGGAA,CCTGGTGGAAGGTGACTGCT,CRISPR Guide Capture,ENSMUSG00000061589,Dot1l
Ms_Dot1l_3187_-,Ms_Dot1l_3187_-,R2,(BC)GTTTAAGAGCTATGCTGGAA,AAGGGGCTATGCCTGGTGGA,CRISPR Guide Capture,ENSMUSG00000061589,Dot1l
Ms_Dot1l_3191_-,Ms_Dot1l_3191_-,R2,(BC)GTTTAAGAGCTATGCTGGAA,AGTCAAGGGGCTATGCCTGG,CRISPR Guide Capture,ENSMUSG00000061589,Dot1l
Ms_Dot1l_3194_-,Ms_Dot1l_3194_-,R2,(BC)GTTTAAGAGCTATGCTGGAA,AGAAGTCAAGGGGCTATGCC,CRISPR Guide Capture,ENSMUSG00000061589,Dot1l
Ms_Dot1l_3204_-,Ms_Dot1l_3204_-,R2,(BC)GTTTAAGAGCTATGCTGGAA,CTCGGGTGCCAGAAGTCAAG,CRISPR Guide Capture,ENSMUSG00000061589,Dot1l
Ms_Dot1l_3207_+,Ms_Dot1l_3207_+,R2,(BC)GTTTAAGAGCTATGCTGGAA,AGGCATAGCCCCTTGACTTC,CRISPR Guide Capture,ENSMUSG00000061589,Dot1l
Ms_Dot1l_3216_+,Ms_Dot1l_3216_+,R2,(BC)GTTTAAGAGCTATGCTGGAA,CCCTTGACTTCTGGCACCCG,CRISPR Guide Capture,ENSMUSG00000061589,Dot1l
Ms_Dot1l_3218_+,Ms_Dot1l_3218_+,R2,(BC)GTTTAAGAGCTATGCTGGAA,CTTGACTTCTGGCACCCGAG,CRISPR Guide Capture,ENSMUSG00000061589,Dot1l
Ms_Dot1l_3221_-,Ms_Dot1l_3221_-,R2,(BC)GTTTAAGAGCTATGCTGGAA,GCTCTGCACACAGTCCCCTC,CRISPR Guide Capture,ENSMUSG00000061589,Dot1l
Ms_Dot1l_3222_-,Ms_Dot1l_3222_-,R2,(BC)GTTTAAGAGCTATGCTGGAA,GGCTCTGCACACAGTCCCCT,CRISPR Guide Capture,ENSMUSG00000061589,Dot1l
Ms_Dot1l_3237_+,Ms_Dot1l_3237_+,R2,(BC)GTTTAAGAGCTATGCTGGAA,GGGGACTGTGTGCAGAGCCA,CRISPR Guide Capture,ENSMUSG00000061589,Dot1l
Ms_Dot1l_3242_+,Ms_Dot1l_3242_+,R2,(BC)GTTTAAGAGCTATGCTGGAA,CTGTGTGCAGAGCCACGGAC,CRISPR Guide Capture,ENSMUSG00000061589,Dot1l
Ms_Dot1l_3243_-,Ms_Dot1l_3243_-,R2,(BC)GTTTAAGAGCTATGCTGGAA,GCTTACGACTGTCCTGTCCG,CRISPR Guide Capture,ENSMUSG00000061589,Dot1l
Ms_Dot1l_3265_+,Ms_Dot1l_3265_+,R2,(BC)GTTTAAGAGCTATGCTGGAA,ACAGTCGTAAGCGCAGCAGA,CRISPR Guide Capture,ENSMUSG00000061589,Dot1l
Ms_Dot1l_3282_+,Ms_Dot1l_3282_+,R2,(BC)GTTTAAGAGCTATGCTGGAA,AGAAGGAAGCGTGCATCAGC,CRISPR Guide Capture,ENSMUSG00000061589,Dot1l
Ms_Dot1l_3298_-,Ms_Dot1l_3298_-,R2,(BC)GTTTAAGAGCTATGCTGGAA,GACACACCCGTGCTGAGGCT,CRISPR Guide Capture,ENSMUSG00000061589,Dot1l
Ms_Dot1l_3302_+,Ms_Dot1l_3302_+,R2,(BC)GTTTAAGAGCTATGCTGGAA,TGGAACACCTAGCCTCAGCA,CRISPR Guide Capture,ENSMUSG00000061589,Dot1l
Ms_Dot1l_3303_+,Ms_Dot1l_3303_+,R2,(BC)GTTTAAGAGCTATGCTGGAA,GGAACACCTAGCCTCAGCAC,CRISPR Guide Capture,ENSMUSG00000061589,Dot1l
Ms_Dot1l_3320_-,Ms_Dot1l_3320_-,R2,(BC)GTTTAAGAGCTATGCTGGAA,TGGCAGAGCCCGGCGCTTGG,CRISPR Guide Capture,ENSMUSG00000061589,Dot1l
Ms_Dot1l_3323_-,Ms_Dot1l_3323_-,R2,(BC)GTTTAAGAGCTATGCTGGAA,AGTTGGCAGAGCCCGGCGCT,CRISPR Guide Capture,ENSMUSG00000061589,Dot1l
Ms_Dot1l_3330_-,Ms_Dot1l_3330_-,R2,(BC)GTTTAAGAGCTATGCTGGAA,CAGCAACAGTTGGCAGAGCC,CRISPR Guide Capture,ENSMUSG00000061589,Dot1l
Ms_Dot1l_3340_-,Ms_Dot1l_3340_-,R2,(BC)GTTTAAGAGCTATGCTGGAA,GTAAAGAGGCCAGCAACAGT,CRISPR Guide Capture,ENSMUSG00000061589,Dot1l
Ms_Dot1l_3342_+,Ms_Dot1l_3342_+,R2,(BC)GTTTAAGAGCTATGCTGGAA,CGGGCTCTGCCAACTGTTGC,CRISPR Guide Capture,ENSMUSG00000061589,Dot1l
Ms_Dot1l_3354_-,Ms_Dot1l_3354_-,R2,(BC)GTTTAAGAGCTATGCTGGAA,ACCCCGAGGACTGTGTAAAG,CRISPR Guide Capture,ENSMUSG00000061589,Dot1l
Ms_Dot1l_3362_+,Ms_Dot1l_3362_+,R2,(BC)GTTTAAGAGCTATGCTGGAA,TGGCCTCTTTACACAGTCCT,CRISPR Guide Capture,ENSMUSG00000061589,Dot1l
Ms_Dot1l_3364_+,Ms_Dot1l_3364_+,R2,(BC)GTTTAAGAGCTATGCTGGAA,GCCTCTTTACACAGTCCTCG,CRISPR Guide Capture,ENSMUSG00000061589,Dot1l
Ms_Dot1l_3368_-,Ms_Dot1l_3368_-,R2,(BC)GTTTAAGAGCTATGCTGGAA,GAGATTAAGAGGAGACCCCG,CRISPR Guide Capture,ENSMUSG00000061589,Dot1l
Ms_Dot1l_3414_-,Ms_Dot1l_3414_-,R2,(BC)GTTTAAGAGCTATGCTGGAA,TGGCTGTGATCTCCAGTGGC,CRISPR Guide Capture,ENSMUSG00000061589,Dot1l
Ms_Dot1l_3418_-,Ms_Dot1l_3418_-,R2,(BC)GTTTAAGAGCTATGCTGGAA,GAGATGGCTGTGATCTCCAG,CRISPR Guide Capture,ENSMUSG00000061589,Dot1l
Ms_Dot1l_3434_-,Ms_Dot1l_3434_-,R2,(BC)GTTTAAGAGCTATGCTGGAA,GGAGCTCTCAGGGGATGAGA,CRISPR Guide Capture,ENSMUSG00000061589,Dot1l
Ms_Dot1l_3443_-,Ms_Dot1l_3443_-,R2,(BC)GTTTAAGAGCTATGCTGGAA,GCTCTTCAGGGAGCTCTCAG,CRISPR Guide Capture,ENSMUSG00000061589,Dot1l
Ms_Dot1l_3445_-,Ms_Dot1l_3445_-,R2,(BC)GTTTAAGAGCTATGCTGGAA,GAGCTCTTCAGGGAGCTCTC,CRISPR Guide Capture,ENSMUSG00000061589,Dot1l
Ms_Dot1l_3455_-,Ms_Dot1l_3455_-,R2,(BC)GTTTAAGAGCTATGCTGGAA,TGGGGTGGGGGAGCTCTTCA,CRISPR Guide Capture,ENSMUSG00000061589,Dot1l
Ms_Dot1l_3456_-,Ms_Dot1l_3456_-,R2,(BC)GTTTAAGAGCTATGCTGGAA,ATGGGGTGGGGGAGCTCTTC,CRISPR Guide Capture,ENSMUSG00000061589,Dot1l
Ms_Dot1l_3467_-,Ms_Dot1l_3467_-,R2,(BC)GTTTAAGAGCTATGCTGGAA,ATGGTCCTGGTATGGGGTGG,CRISPR Guide Capture,ENSMUSG00000061589,Dot1l
Ms_Dot1l_3470_-,Ms_Dot1l_3470_-,R2,(BC)GTTTAAGAGCTATGCTGGAA,GTCATGGTCCTGGTATGGGG,CRISPR Guide Capture,ENSMUSG00000061589,Dot1l
Ms_Dot1l_3473_-,Ms_Dot1l_3473_-,R2,(BC)GTTTAAGAGCTATGCTGGAA,CTGGTCATGGTCCTGGTATG,CRISPR Guide Capture,ENSMUSG00000061589,Dot1l
Ms_Dot1l_3475_-,Ms_Dot1l_3475_-,R2,(BC)GTTTAAGAGCTATGCTGGAA,GGCTGGTCATGGTCCTGGTA,CRISPR Guide Capture,ENSMUSG00000061589,Dot1l
Ms_Dot1l_3480_-,Ms_Dot1l_3480_-,R2,(BC)GTTTAAGAGCTATGCTGGAA,CCGGAGGCTGGTCATGGTCC,CRISPR Guide Capture,ENSMUSG00000061589,Dot1l
Ms_Dot1l_3486_-,Ms_Dot1l_3486_-,R2,(BC)GTTTAAGAGCTATGCTGGAA,TGAGCACCGGAGGCTGGTCA,CRISPR Guide Capture,ENSMUSG00000061589,Dot1l
Ms_Dot1l_3491_+,Ms_Dot1l_3491_+,R2,(BC)GTTTAAGAGCTATGCTGGAA,CCAGGACCATGACCAGCCTC,CRISPR Guide Capture,ENSMUSG00000061589,Dot1l
Ms_Dot1l_3492_-,Ms_Dot1l_3492_-,R2,(BC)GTTTAAGAGCTATGCTGGAA,CCTTCCTGAGCACCGGAGGC,CRISPR Guide Capture,ENSMUSG00000061589,Dot1l
Ms_Dot1l_3496_-,Ms_Dot1l_3496_-,R2,(BC)GTTTAAGAGCTATGCTGGAA,CGTTCCTTCCTGAGCACCGG,CRISPR Guide Capture,ENSMUSG00000061589,Dot1l
Ms_Dot1l_3499_-,Ms_Dot1l_3499_-,R2,(BC)GTTTAAGAGCTATGCTGGAA,GGCCGTTCCTTCCTGAGCAC,CRISPR Guide Capture,ENSMUSG00000061589,Dot1l
Ms_Dot1l_3503_+,Ms_Dot1l_3503_+,R2,(BC)GTTTAAGAGCTATGCTGGAA,CCAGCCTCCGGTGCTCAGGA,CRISPR Guide Capture,ENSMUSG00000061589,Dot1l
Ms_Dot1l_3508_+,Ms_Dot1l_3508_+,R2,(BC)GTTTAAGAGCTATGCTGGAA,CTCCGGTGCTCAGGAAGGAA,CRISPR Guide Capture,ENSMUSG00000061589,Dot1l
Ms_Dot1l_3516_+,Ms_Dot1l_3516_+,R2,(BC)GTTTAAGAGCTATGCTGGAA,CTCAGGAAGGAACGGCCTCT,CRISPR Guide Capture,ENSMUSG00000061589,Dot1l
Ms_Dot1l_3520_-,Ms_Dot1l_3520_-,R2,(BC)GTTTAAGAGCTATGCTGGAA,GCCCCATTAGTTAGTCCTAG,CRISPR Guide Capture,ENSMUSG00000061589,Dot1l
Ms_Dot1l_3528_+,Ms_Dot1l_3528_+,R2,(BC)GTTTAAGAGCTATGCTGGAA,CGGCCTCTAGGACTAACTAA,CRISPR Guide Capture,ENSMUSG00000061589,Dot1l
Ms_Dot1l_3530_+,Ms_Dot1l_3530_+,R2,(BC)GTTTAAGAGCTATGCTGGAA,GCCTCTAGGACTAACTAATG,CRISPR Guide Capture,ENSMUSG00000061589,Dot1l
Ms_Dot1l_3542_-,Ms_Dot1l_3542_-,R2,(BC)GTTTAAGAGCTATGCTGGAA,TGAGGTCAGTGGCGAGTAGT,CRISPR Guide Capture,ENSMUSG00000061589,Dot1l
Ms_Dot1l_3543_-,Ms_Dot1l_3543_-,R2,(BC)GTTTAAGAGCTATGCTGGAA,CTGAGGTCAGTGGCGAGTAG,CRISPR Guide Capture,ENSMUSG00000061589,Dot1l
Ms_Dot1l_3553_-,Ms_Dot1l_3553_-,R2,(BC)GTTTAAGAGCTATGCTGGAA,GGCTCCTCATCTGAGGTCAG,CRISPR Guide Capture,ENSMUSG00000061589,Dot1l
Ms_Dot1l_3560_+,Ms_Dot1l_3560_+,R2,(BC)GTTTAAGAGCTATGCTGGAA,CTCGCCACTGACCTCAGATG,CRISPR Guide Capture,ENSMUSG00000061589,Dot1l
Ms_Dot1l_3567_+,Ms_Dot1l_3567_+,R2,(BC)GTTTAAGAGCTATGCTGGAA,CTGACCTCAGATGAGGAGCC,CRISPR Guide Capture,ENSMUSG00000061589,Dot1l
Ms_Dot1l_3574_-,Ms_Dot1l_3574_-,R2,(BC)GTTTAAGAGCTATGCTGGAA,CTGGGCTCATCCTCAGAGCC,CRISPR Guide Capture,ENSMUSG00000061589,Dot1l
Ms_Dot1l_3575_+,Ms_Dot1l_3575_+,R2,(BC)GTTTAAGAGCTATGCTGGAA,AGATGAGGAGCCAGGCTCTG,CRISPR Guide Capture,ENSMUSG00000061589,Dot1l
Ms_Dot1l_3653_+,Ms_Dot1l_3653_+,R2,(BC)GTTTAAGAGCTATGCTGGAA,CAAATCTCCCCCGAAGACAC,CRISPR Guide Capture,ENSMUSG00000061589,Dot1l
Ms_Dot1l_3698_-,Ms_Dot1l_3698_-,R2,(BC)GTTTAAGAGCTATGCTGGAA,GTTGATAGGCTCGCTCGAAG,CRISPR Guide Capture,ENSMUSG00000061589,Dot1l
Ms_Dot1l_3700_-,Ms_Dot1l_3700_-,R2,(BC)GTTTAAGAGCTATGCTGGAA,CTGTTGATAGGCTCGCTCGA,CRISPR Guide Capture,ENSMUSG00000061589,Dot1l
Ms_Dot1l_3712_-,Ms_Dot1l_3712_-,R2,(BC)GTTTAAGAGCTATGCTGGAA,TTCCATTTGCTGCTGTTGAT,CRISPR Guide Capture,ENSMUSG00000061589,Dot1l
Ms_Dot1l_3721_+,Ms_Dot1l_3721_+,R2,(BC)GTTTAAGAGCTATGCTGGAA,AGCCTATCAACAGCAGCAAA,CRISPR Guide Capture,ENSMUSG00000061589,Dot1l
Ms_Dot1l_3740_-,Ms_Dot1l_3740_-,R2,(BC)GTTTAAGAGCTATGCTGGAA,GAGGTCAGAGATAGGAGAGA,CRISPR Guide Capture,ENSMUSG00000061589,Dot1l
Ms_Dot1l_3748_-,Ms_Dot1l_3748_-,R2,(BC)GTTTAAGAGCTATGCTGGAA,GCCAAGCCGAGGTCAGAGAT,CRISPR Guide Capture,ENSMUSG00000061589,Dot1l
Ms_Dot1l_3753_+,Ms_Dot1l_3753_+,R2,(BC)GTTTAAGAGCTATGCTGGAA,TTCTCTCCTATCTCTGACCT,CRISPR Guide Capture,ENSMUSG00000061589,Dot1l
Ms_Dot1l_3758_+,Ms_Dot1l_3758_+,R2,(BC)GTTTAAGAGCTATGCTGGAA,TCCTATCTCTGACCTCGGCT,CRISPR Guide Capture,ENSMUSG00000061589,Dot1l
Ms_Dot1l_3759_-,Ms_Dot1l_3759_-,R2,(BC)GTTTAAGAGCTATGCTGGAA,CCACAGCCTTGGCCAAGCCG,CRISPR Guide Capture,ENSMUSG00000061589,Dot1l
Ms_Dot1l_3764_+,Ms_Dot1l_3764_+,R2,(BC)GTTTAAGAGCTATGCTGGAA,CTCTGACCTCGGCTTGGCCA,CRISPR Guide Capture,ENSMUSG00000061589,Dot1l
Ms_Dot1l_3770_-,Ms_Dot1l_3770_-,R2,(BC)GTTTAAGAGCTATGCTGGAA,TAGCGGACTGTCCACAGCCT,CRISPR Guide Capture,ENSMUSG00000061589,Dot1l
Ms_Dot1l_3785_+,Ms_Dot1l_3785_+,R2,(BC)GTTTAAGAGCTATGCTGGAA,GGCTGTGGACAGTCCGCTAC,CRISPR Guide Capture,ENSMUSG00000061589,Dot1l
Ms_Dot1l_3787_-,Ms_Dot1l_3787_-,R2,(BC)GTTTAAGAGCTATGCTGGAA,AGGGCAGAGCCAGCCTGTAG,CRISPR Guide Capture,ENSMUSG00000061589,Dot1l
Ms_Dot1l_3789_+,Ms_Dot1l_3789_+,R2,(BC)GTTTAAGAGCTATGCTGGAA,GTGGACAGTCCGCTACAGGC,CRISPR Guide Capture,ENSMUSG00000061589,Dot1l
Ms_Dot1l_3806_-,Ms_Dot1l_3806_-,R2,(BC)GTTTAAGAGCTATGCTGGAA,GAACAGGGGGCTGTGGCTCA,CRISPR Guide Capture,ENSMUSG00000061589,Dot1l
Ms_Dot1l_3807_-,Ms_Dot1l_3807_-,R2,(BC)GTTTAAGAGCTATGCTGGAA,AGAACAGGGGGCTGTGGCTC,CRISPR Guide Capture,ENSMUSG00000061589,Dot1l
Ms_Dot1l_3813_-,Ms_Dot1l_3813_-,R2,(BC)GTTTAAGAGCTATGCTGGAA,GGAAAGAGAACAGGGGGCTG,CRISPR Guide Capture,ENSMUSG00000061589,Dot1l
Ms_Dot1l_3819_-,Ms_Dot1l_3819_-,R2,(BC)GTTTAAGAGCTATGCTGGAA,ACGGCCGGAAAGAGAACAGG,CRISPR Guide Capture,ENSMUSG00000061589,Dot1l
Ms_Dot1l_3822_-,Ms_Dot1l_3822_-,R2,(BC)GTTTAAGAGCTATGCTGGAA,GGGACGGCCGGAAAGAGAAC,CRISPR Guide Capture,ENSMUSG00000061589,Dot1l
Ms_Dot1l_3826_+,Ms_Dot1l_3826_+,R2,(BC)GTTTAAGAGCTATGCTGGAA,ACAGCCCCCTGTTCTCTTTC,CRISPR Guide Capture,ENSMUSG00000061589,Dot1l
Ms_Dot1l_3834_-,Ms_Dot1l_3834_-,R2,(BC)GTTTAAGAGCTATGCTGGAA,CAGGCTCCTCCAGGGACGGC,CRISPR Guide Capture,ENSMUSG00000061589,Dot1l
Ms_Dot1l_3836_+,Ms_Dot1l_3836_+,R2,(BC)GTTTAAGAGCTATGCTGGAA,GTTCTCTTTCCGGCCGTCCC,CRISPR Guide Capture,ENSMUSG00000061589,Dot1l
Ms_Dot1l_3838_-,Ms_Dot1l_3838_-,R2,(BC)GTTTAAGAGCTATGCTGGAA,GCAGCAGGCTCCTCCAGGGA,CRISPR Guide Capture,ENSMUSG00000061589,Dot1l
Ms_Dot1l_3839_+,Ms_Dot1l_3839_+,R2,(BC)GTTTAAGAGCTATGCTGGAA,CTCTTTCCGGCCGTCCCTGG,CRISPR Guide Capture,ENSMUSG00000061589,Dot1l
Ms_Dot1l_3842_-,Ms_Dot1l_3842_-,R2,(BC)GTTTAAGAGCTATGCTGGAA,CTCAGCAGCAGGCTCCTCCA,CRISPR Guide Capture,ENSMUSG00000061589,Dot1l
Ms_Dot1l_3843_-,Ms_Dot1l_3843_-,R2,(BC)GTTTAAGAGCTATGCTGGAA,CCTCAGCAGCAGGCTCCTCC,CRISPR Guide Capture,ENSMUSG00000061589,Dot1l
Ms_Dot1l_3853_-,Ms_Dot1l_3853_-,R2,(BC)GTTTAAGAGCTATGCTGGAA,GGGAGCTTGGCCTCAGCAGC,CRISPR Guide Capture,ENSMUSG00000061589,Dot1l
Ms_Dot1l_3854_+,Ms_Dot1l_3854_+,R2,(BC)GTTTAAGAGCTATGCTGGAA,CCTGGAGGAGCCTGCTGCTG,CRISPR Guide Capture,ENSMUSG00000061589,Dot1l
Ms_Dot1l_3866_-,Ms_Dot1l_3866_-,R2,(BC)GTTTAAGAGCTATGCTGGAA,CCTTGGGTGAGTGGGGAGCT,CRISPR Guide Capture,ENSMUSG00000061589,Dot1l
Ms_Dot1l_3873_-,Ms_Dot1l_3873_-,R2,(BC)GTTTAAGAGCTATGCTGGAA,AGCTTTTCCTTGGGTGAGTG,CRISPR Guide Capture,ENSMUSG00000061589,Dot1l
Ms_Dot1l_3875_-,Ms_Dot1l_3875_-,R2,(BC)GTTTAAGAGCTATGCTGGAA,AAAGCTTTTCCTTGGGTGAG,CRISPR Guide Capture,ENSMUSG00000061589,Dot1l
Ms_Dot1l_3877_+,Ms_Dot1l_3877_+,R2,(BC)GTTTAAGAGCTATGCTGGAA,CCAAGCTCCCCACTCACCCA,CRISPR Guide Capture,ENSMUSG00000061589,Dot1l
Ms_Dot1l_3882_-,Ms_Dot1l_3882_-,R2,(BC)GTTTAAGAGCTATGCTGGAA,AGCCCGCAAAGCTTTTCCTT,CRISPR Guide Capture,ENSMUSG00000061589,Dot1l
Ms_Dot1l_3883_-,Ms_Dot1l_3883_-,R2,(BC)GTTTAAGAGCTATGCTGGAA,GAGCCCGCAAAGCTTTTCCT,CRISPR Guide Capture,ENSMUSG00000061589,Dot1l
Ms_Dot1l_3890_+,Ms_Dot1l_3890_+,R2,(BC)GTTTAAGAGCTATGCTGGAA,TCACCCAAGGAAAAGCTTTG,CRISPR Guide Capture,ENSMUSG00000061589,Dot1l
Ms_Dot1l_3891_+,Ms_Dot1l_3891_+,R2,(BC)GTTTAAGAGCTATGCTGGAA,CACCCAAGGAAAAGCTTTGC,CRISPR Guide Capture,ENSMUSG00000061589,Dot1l
Ms_Dot1l_3899_+,Ms_Dot1l_3899_+,R2,(BC)GTTTAAGAGCTATGCTGGAA,GAAAAGCTTTGCGGGCTCTC,CRISPR Guide Capture,ENSMUSG00000061589,Dot1l
Ms_Dot1l_3900_+,Ms_Dot1l_3900_+,R2,(BC)GTTTAAGAGCTATGCTGGAA,AAAAGCTTTGCGGGCTCTCT,CRISPR Guide Capture,ENSMUSG00000061589,Dot1l
Ms_Dot1l_3911_+,Ms_Dot1l_3911_+,R2,(BC)GTTTAAGAGCTATGCTGGAA,GGGCTCTCTGGGTGCAGCCG,CRISPR Guide Capture,ENSMUSG00000061589,Dot1l
Ms_Dot1l_3913_+,Ms_Dot1l_3913_+,R2,(BC)GTTTAAGAGCTATGCTGGAA,GCTCTCTGGGTGCAGCCGAG,CRISPR Guide Capture,ENSMUSG00000061589,Dot1l
Ms_Dot1l_3917_-,Ms_Dot1l_3917_-,R2,(BC)GTTTAAGAGCTATGCTGGAA,GGTGCCAGGGCTTGGCCCCT,CRISPR Guide Capture,ENSMUSG00000061589,Dot1l
Ms_Dot1l_3924_+,Ms_Dot1l_3924_+,R2,(BC)GTTTAAGAGCTATGCTGGAA,GCAGCCGAGGGGCCAAGCCC,CRISPR Guide Capture,ENSMUSG00000061589,Dot1l
Ms_Dot1l_3925_-,Ms_Dot1l_3925_-,R2,(BC)GTTTAAGAGCTATGCTGGAA,GGAGGGTTGGTGCCAGGGCT,CRISPR Guide Capture,ENSMUSG00000061589,Dot1l
Ms_Dot1l_3930_-,Ms_Dot1l_3930_-,R2,(BC)GTTTAAGAGCTATGCTGGAA,CGTTGGGAGGGTTGGTGCCA,CRISPR Guide Capture,ENSMUSG00000061589,Dot1l
Ms_Dot1l_3931_-,Ms_Dot1l_3931_-,R2,(BC)GTTTAAGAGCTATGCTGGAA,CCGTTGGGAGGGTTGGTGCC,CRISPR Guide Capture,ENSMUSG00000061589,Dot1l
Ms_Dot1l_3938_-,Ms_Dot1l_3938_-,R2,(BC)GTTTAAGAGCTATGCTGGAA,GGCCAGGCCGTTGGGAGGGT,CRISPR Guide Capture,ENSMUSG00000061589,Dot1l
Ms_Dot1l_3942_+,Ms_Dot1l_3942_+,R2,(BC)GTTTAAGAGCTATGCTGGAA,CCTGGCACCAACCCTCCCAA,CRISPR Guide Capture,ENSMUSG00000061589,Dot1l
Ms_Dot1l_3943_-,Ms_Dot1l_3943_-,R2,(BC)GTTTAAGAGCTATGCTGGAA,CTGAAGGCCAGGCCGTTGGG,CRISPR Guide Capture,ENSMUSG00000061589,Dot1l
Ms_Dot1l_3946_-,Ms_Dot1l_3946_-,R2,(BC)GTTTAAGAGCTATGCTGGAA,CCACTGAAGGCCAGGCCGTT,CRISPR Guide Capture,ENSMUSG00000061589,Dot1l
Ms_Dot1l_3947_+,Ms_Dot1l_3947_+,R2,(BC)GTTTAAGAGCTATGCTGGAA,CACCAACCCTCCCAACGGCC,CRISPR Guide Capture,ENSMUSG00000061589,Dot1l
Ms_Dot1l_3954_-,Ms_Dot1l_3954_-,R2,(BC)GTTTAAGAGCTATGCTGGAA,CAAGGCCCCCACTGAAGGCC,CRISPR Guide Capture,ENSMUSG00000061589,Dot1l
Ms_Dot1l_3957_+,Ms_Dot1l_3957_+,R2,(BC)GTTTAAGAGCTATGCTGGAA,CCCAACGGCCTGGCCTTCAG,CRISPR Guide Capture,ENSMUSG00000061589,Dot1l
Ms_Dot1l_3960_+,Ms_Dot1l_3960_+,R2,(BC)GTTTAAGAGCTATGCTGGAA,AACGGCCTGGCCTTCAGTGG,CRISPR Guide Capture,ENSMUSG00000061589,Dot1l
Ms_Dot1l_3972_-,Ms_Dot1l_3972_-,R2,(BC)GTTTAAGAGCTATGCTGGAA,GTAAACCGAGGTCTGCAGCA,CRISPR Guide Capture,ENSMUSG00000061589,Dot1l
Ms_Dot1l_3978_+,Ms_Dot1l_3978_+,R2,(BC)GTTTAAGAGCTATGCTGGAA,GGGGGCCTTGCTGCAGACCT,CRISPR Guide Capture,ENSMUSG00000061589,Dot1l
Ms_Dot1l_3984_-,Ms_Dot1l_3984_-,R2,(BC)GTTTAAGAGCTATGCTGGAA,CATTGAAGCTGTGTAAACCG,CRISPR Guide Capture,ENSMUSG00000061589,Dot1l
Ms_Dot1l_3999_+,Ms_Dot1l_3999_+,R2,(BC)GTTTAAGAGCTATGCTGGAA,GGTTTACACAGCTTCAATGA,CRISPR Guide Capture,ENSMUSG00000061589,Dot1l
Ms_Dot1l_4016_-,Ms_Dot1l_4016_-,R2,(BC)GTTTAAGAGCTATGCTGGAA,ATCCGGGCCCTTGTGGGAGA,CRISPR Guide Capture,ENSMUSG00000061589,Dot1l
Ms_Dot1l_4017_-,Ms_Dot1l_4017_-,R2,(BC)GTTTAAGAGCTATGCTGGAA,CATCCGGGCCCTTGTGGGAG,CRISPR Guide Capture,ENSMUSG00000061589,Dot1l
Ms_Dot1l_4019_+,Ms_Dot1l_4019_+,R2,(BC)GTTTAAGAGCTATGCTGGAA,TGGTGCTTCCCTCTCCCACA,CRISPR Guide Capture,ENSMUSG00000061589,Dot1l
Ms_Dot1l_4020_+,Ms_Dot1l_4020_+,R2,(BC)GTTTAAGAGCTATGCTGGAA,GGTGCTTCCCTCTCCCACAA,CRISPR Guide Capture,ENSMUSG00000061589,Dot1l
Ms_Dot1l_4022_-,Ms_Dot1l_4022_-,R2,(BC)GTTTAAGAGCTATGCTGGAA,AGTCACATCCGGGCCCTTGT,CRISPR Guide Capture,ENSMUSG00000061589,Dot1l
Ms_Dot1l_4023_-,Ms_Dot1l_4023_-,R2,(BC)GTTTAAGAGCTATGCTGGAA,CAGTCACATCCGGGCCCTTG,CRISPR Guide Capture,ENSMUSG00000061589,Dot1l
Ms_Dot1l_4025_+,Ms_Dot1l_4025_+,R2,(BC)GTTTAAGAGCTATGCTGGAA,TTCCCTCTCCCACAAGGGCC,CRISPR Guide Capture,ENSMUSG00000061589,Dot1l
Ms_Dot1l_4032_-,Ms_Dot1l_4032_-,R2,(BC)GTTTAAGAGCTATGCTGGAA,CACTCAGGCCAGTCACATCC,CRISPR Guide Capture,ENSMUSG00000061589,Dot1l
Ms_Dot1l_4033_-,Ms_Dot1l_4033_-,R2,(BC)GTTTAAGAGCTATGCTGGAA,GCACTCAGGCCAGTCACATC,CRISPR Guide Capture,ENSMUSG00000061589,Dot1l
Ms_Dot1l_4035_+,Ms_Dot1l_4035_+,R2,(BC)GTTTAAGAGCTATGCTGGAA,CACAAGGGCCCGGATGTGAC,CRISPR Guide Capture,ENSMUSG00000061589,Dot1l
Ms_Dot1l_4047_-,Ms_Dot1l_4047_-,R2,(BC)GTTTAAGAGCTATGCTGGAA,GGAAGCTCAGGGAGGCACTC,CRISPR Guide Capture,ENSMUSG00000061589,Dot1l
Ms_Dot1l_4055_-,Ms_Dot1l_4055_-,R2,(BC)GTTTAAGAGCTATGCTGGAA,CTGGGATGGGAAGCTCAGGG,CRISPR Guide Capture,ENSMUSG00000061589,Dot1l
Ms_Dot1l_4058_-,Ms_Dot1l_4058_-,R2,(BC)GTTTAAGAGCTATGCTGGAA,CCTCTGGGATGGGAAGCTCA,CRISPR Guide Capture,ENSMUSG00000061589,Dot1l
Ms_Dot1l_4059_-,Ms_Dot1l_4059_-,R2,(BC)GTTTAAGAGCTATGCTGGAA,CCCTCTGGGATGGGAAGCTC,CRISPR Guide Capture,ENSMUSG00000061589,Dot1l
Ms_Dot1l_4068_-,Ms_Dot1l_4068_-,R2,(BC)GTTTAAGAGCTATGCTGGAA,TGTCCTTGCCCCTCTGGGAT,CRISPR Guide Capture,ENSMUSG00000061589,Dot1l
Ms_Dot1l_4071_+,Ms_Dot1l_4071_+,R2,(BC)GTTTAAGAGCTATGCTGGAA,CTGAGCTTCCCATCCCAGAG,CRISPR Guide Capture,ENSMUSG00000061589,Dot1l
Ms_Dot1l_4073_-,Ms_Dot1l_4073_-,R2,(BC)GTTTAAGAGCTATGCTGGAA,GGTACTGTCCTTGCCCCTCT,CRISPR Guide Capture,ENSMUSG00000061589,Dot1l
Ms_Dot1l_4074_-,Ms_Dot1l_4074_-,R2,(BC)GTTTAAGAGCTATGCTGGAA,TGGTACTGTCCTTGCCCCTC,CRISPR Guide Capture,ENSMUSG00000061589,Dot1l
Ms_Dot1l_4076_+,Ms_Dot1l_4076_+,R2,(BC)GTTTAAGAGCTATGCTGGAA,CTTCCCATCCCAGAGGGGCA,CRISPR Guide Capture,ENSMUSG00000061589,Dot1l
Ms_Dot1l_4091_+,Ms_Dot1l_4091_+,R2,(BC)GTTTAAGAGCTATGCTGGAA,GGGCAAGGACAGTACCACAG,CRISPR Guide Capture,ENSMUSG00000061589,Dot1l
Ms_Dot1l_4094_-,Ms_Dot1l_4094_-,R2,(BC)GTTTAAGAGCTATGCTGGAA,GAGGAAAGGGTTGGCCTCTG,CRISPR Guide Capture,ENSMUSG00000061589,Dot1l
Ms_Dot1l_4103_-,Ms_Dot1l_4103_-,R2,(BC)GTTTAAGAGCTATGCTGGAA,CCGCCTGCTGAGGAAAGGGT,CRISPR Guide Capture,ENSMUSG00000061589,Dot1l
Ms_Dot1l_4107_-,Ms_Dot1l_4107_-,R2,(BC)GTTTAAGAGCTATGCTGGAA,GCTGCCGCCTGCTGAGGAAA,CRISPR Guide Capture,ENSMUSG00000061589,Dot1l
Ms_Dot1l_4108_-,Ms_Dot1l_4108_-,R2,(BC)GTTTAAGAGCTATGCTGGAA,GGCTGCCGCCTGCTGAGGAA,CRISPR Guide Capture,ENSMUSG00000061589,Dot1l
Ms_Dot1l_4111_+,Ms_Dot1l_4111_+,R2,(BC)GTTTAAGAGCTATGCTGGAA,AGGCCAACCCTTTCCTCAGC,CRISPR Guide Capture,ENSMUSG00000061589,Dot1l
Ms_Dot1l_4113_-,Ms_Dot1l_4113_-,R2,(BC)GTTTAAGAGCTATGCTGGAA,CCTCGGGCTGCCGCCTGCTG,CRISPR Guide Capture,ENSMUSG00000061589,Dot1l
Ms_Dot1l_4114_+,Ms_Dot1l_4114_+,R2,(BC)GTTTAAGAGCTATGCTGGAA,CCAACCCTTTCCTCAGCAGG,CRISPR Guide Capture,ENSMUSG00000061589,Dot1l
Ms_Dot1l_4124_+,Ms_Dot1l_4124_+,R2,(BC)GTTTAAGAGCTATGCTGGAA,CCTCAGCAGGCGGCAGCCCG,CRISPR Guide Capture,ENSMUSG00000061589,Dot1l
Ms_Dot1l_4125_+,Ms_Dot1l_4125_+,R2,(BC)GTTTAAGAGCTATGCTGGAA,CTCAGCAGGCGGCAGCCCGA,CRISPR Guide Capture,ENSMUSG00000061589,Dot1l
Ms_Dot1l_4129_-,Ms_Dot1l_4129_-,R2,(BC)GTTTAAGAGCTATGCTGGAA,TTCAAGCCACCCAGGCCCTC,CRISPR Guide Capture,ENSMUSG00000061589,Dot1l
Ms_Dot1l_4131_+,Ms_Dot1l_4131_+,R2,(BC)GTTTAAGAGCTATGCTGGAA,AGGCGGCAGCCCGAGGGCCT,CRISPR Guide Capture,ENSMUSG00000061589,Dot1l
Ms_Dot1l_4134_+,Ms_Dot1l_4134_+,R2,(BC)GTTTAAGAGCTATGCTGGAA,CGGCAGCCCGAGGGCCTGGG,CRISPR Guide Capture,ENSMUSG00000061589,Dot1l
Ms_Dot1l_4137_-,Ms_Dot1l_4137_-,R2,(BC)GTTTAAGAGCTATGCTGGAA,CCTCACCCTTCAAGCCACCC,CRISPR Guide Capture,ENSMUSG00000061589,Dot1l
Ms_Dot1l_4142_+,Ms_Dot1l_4142_+,R2,(BC)GTTTAAGAGCTATGCTGGAA,CGAGGGCCTGGGTGGCTTGA,CRISPR Guide Capture,ENSMUSG00000061589,Dot1l
Ms_Dot1l_4143_+,Ms_Dot1l_4143_+,R2,(BC)GTTTAAGAGCTATGCTGGAA,GAGGGCCTGGGTGGCTTGAA,CRISPR Guide Capture,ENSMUSG00000061589,Dot1l
Ms_Dot1l_4148_+,Ms_Dot1l_4148_+,R2,(BC)GTTTAAGAGCTATGCTGGAA,CCTGGGTGGCTTGAAGGGTG,CRISPR Guide Capture,ENSMUSG00000061589,Dot1l
Ms_Dot1l_4149_+,Ms_Dot1l_4149_+,R2,(BC)GTTTAAGAGCTATGCTGGAA,CTGGGTGGCTTGAAGGGTGA,CRISPR Guide Capture,ENSMUSG00000061589,Dot1l
Ms_Dot1l_4163_+,Ms_Dot1l_4163_+,R2,(BC)GTTTAAGAGCTATGCTGGAA,GGGTGAGGGCAACGCAAACA,CRISPR Guide Capture,ENSMUSG00000061589,Dot1l
Ms_Dot1l_4170_+,Ms_Dot1l_4170_+,R2,(BC)GTTTAAGAGCTATGCTGGAA,GGCAACGCAAACAAGGAGTC,CRISPR Guide Capture,ENSMUSG00000061589,Dot1l
Ms_Dot1l_4188_-,Ms_Dot1l_4188_-,R2,(BC)GTTTAAGAGCTATGCTGGAA,CCGAGGGCCCGCACAGGGGC,CRISPR Guide Capture,ENSMUSG00000061589,Dot1l
Ms_Dot1l_4191_+,Ms_Dot1l_4191_+,R2,(BC)GTTTAAGAGCTATGCTGGAA,GGAGAGAGCCTGCCCCTGTG,CRISPR Guide Capture,ENSMUSG00000061589,Dot1l
Ms_Dot1l_4194_-,Ms_Dot1l_4194_-,R2,(BC)GTTTAAGAGCTATGCTGGAA,CCTTGTCCGAGGGCCCGCAC,CRISPR Guide Capture,ENSMUSG00000061589,Dot1l
Ms_Dot1l_4199_+,Ms_Dot1l_4199_+,R2,(BC)GTTTAAGAGCTATGCTGGAA,CCTGCCCCTGTGCGGGCCCT,CRISPR Guide Capture,ENSMUSG00000061589,Dot1l
Ms_Dot1l_4204_-,Ms_Dot1l_4204_-,R2,(BC)GTTTAAGAGCTATGCTGGAA,GGCAGTGAGGCCTTGTCCGA,CRISPR Guide Capture,ENSMUSG00000061589,Dot1l
Ms_Dot1l_4205_-,Ms_Dot1l_4205_-,R2,(BC)GTTTAAGAGCTATGCTGGAA,TGGCAGTGAGGCCTTGTCCG,CRISPR Guide Capture,ENSMUSG00000061589,Dot1l
Ms_Dot1l_4217_-,Ms_Dot1l_4217_-,R2,(BC)GTTTAAGAGCTATGCTGGAA,CCTGCTGCCATGTGGCAGTG,CRISPR Guide Capture,ENSMUSG00000061589,Dot1l
Ms_Dot1l_4221_+,Ms_Dot1l_4221_+,R2,(BC)GTTTAAGAGCTATGCTGGAA,GACAAGGCCTCACTGCCACA,CRISPR Guide Capture,ENSMUSG00000061589,Dot1l
Ms_Dot1l_4225_-,Ms_Dot1l_4225_-,R2,(BC)GTTTAAGAGCTATGCTGGAA,TTGCTGGCCCTGCTGCCATG,CRISPR Guide Capture,ENSMUSG00000061589,Dot1l
Ms_Dot1l_4228_+,Ms_Dot1l_4228_+,R2,(BC)GTTTAAGAGCTATGCTGGAA,CCTCACTGCCACATGGCAGC,CRISPR Guide Capture,ENSMUSG00000061589,Dot1l
Ms_Dot1l_4229_+,Ms_Dot1l_4229_+,R2,(BC)GTTTAAGAGCTATGCTGGAA,CTCACTGCCACATGGCAGCA,CRISPR Guide Capture,ENSMUSG00000061589,Dot1l
Ms_Dot1l_4239_+,Ms_Dot1l_4239_+,R2,(BC)GTTTAAGAGCTATGCTGGAA,CATGGCAGCAGGGCCAGCAA,CRISPR Guide Capture,ENSMUSG00000061589,Dot1l
Ms_Dot1l_4241_-,Ms_Dot1l_4241_-,R2,(BC)GTTTAAGAGCTATGCTGGAA,CTCACGGTCACGACCTTTGC,CRISPR Guide Capture,ENSMUSG00000061589,Dot1l
Ms_Dot1l_4256_+,Ms_Dot1l_4256_+,R2,(BC)GTTTAAGAGCTATGCTGGAA,CAAAGGTCGTGACCGTGAGC,CRISPR Guide Capture,ENSMUSG00000061589,Dot1l
Ms_Dot1l_4257_-,Ms_Dot1l_4257_-,R2,(BC)GTTTAAGAGCTATGCTGGAA,CGCCCTTGAAGTCCAGCTCA,CRISPR Guide Capture,ENSMUSG00000061589,Dot1l
Ms_Dot1l_4265_+,Ms_Dot1l_4265_+,R2,(BC)GTTTAAGAGCTATGCTGGAA,TGACCGTGAGCTGGACTTCA,CRISPR Guide Capture,ENSMUSG00000061589,Dot1l
Ms_Dot1l_4266_+,Ms_Dot1l_4266_+,R2,(BC)GTTTAAGAGCTATGCTGGAA,GACCGTGAGCTGGACTTCAA,CRISPR Guide Capture,ENSMUSG00000061589,Dot1l
Ms_Dot1l_4269_+,Ms_Dot1l_4269_+,R2,(BC)GTTTAAGAGCTATGCTGGAA,CGTGAGCTGGACTTCAAGGG,CRISPR Guide Capture,ENSMUSG00000061589,Dot1l
Ms_Dot1l_4281_-,Ms_Dot1l_4281_-,R2,(BC)GTTTAAGAGCTATGCTGGAA,CAGCAGAGATGAAGAGGTTG,CRISPR Guide Capture,ENSMUSG00000061589,Dot1l
Ms_Dot1l_4287_-,Ms_Dot1l_4287_-,R2,(BC)GTTTAAGAGCTATGCTGGAA,CGGCTGCAGCAGAGATGAAG,CRISPR Guide Capture,ENSMUSG00000061589,Dot1l
Ms_Dot1l_4307_-,Ms_Dot1l_4307_-,R2,(BC)GTTTAAGAGCTATGCTGGAA,AAGGAGGCCACCTGGAGGCA,CRISPR Guide Capture,ENSMUSG00000061589,Dot1l
Ms_Dot1l_4308_+,Ms_Dot1l_4308_+,R2,(BC)GTTTAAGAGCTATGCTGGAA,TCTGCTGCAGCCGTGCCTCC,CRISPR Guide Capture,ENSMUSG00000061589,Dot1l
Ms_Dot1l_4311_+,Ms_Dot1l_4311_+,R2,(BC)GTTTAAGAGCTATGCTGGAA,GCTGCAGCCGTGCCTCCAGG,CRISPR Guide Capture,ENSMUSG00000061589,Dot1l
Ms_Dot1l_4312_-,Ms_Dot1l_4312_-,R2,(BC)GTTTAAGAGCTATGCTGGAA,CCACCAAGGAGGCCACCTGG,CRISPR Guide Capture,ENSMUSG00000061589,Dot1l
Ms_Dot1l_4315_-,Ms_Dot1l_4315_-,R2,(BC)GTTTAAGAGCTATGCTGGAA,GGGCCACCAAGGAGGCCACC,CRISPR Guide Capture,ENSMUSG00000061589,Dot1l
Ms_Dot1l_4320_+,Ms_Dot1l_4320_+,R2,(BC)GTTTAAGAGCTATGCTGGAA,GTGCCTCCAGGTGGCCTCCT,CRISPR Guide Capture,ENSMUSG00000061589,Dot1l
Ms_Dot1l_4323_-,Ms_Dot1l_4323_-,R2,(BC)GTTTAAGAGCTATGCTGGAA,CAAGACCAGGGCCACCAAGG,CRISPR Guide Capture,ENSMUSG00000061589,Dot1l
Ms_Dot1l_4326_-,Ms_Dot1l_4326_-,R2,(BC)GTTTAAGAGCTATGCTGGAA,TTACAAGACCAGGGCCACCA,CRISPR Guide Capture,ENSMUSG00000061589,Dot1l
Ms_Dot1l_4329_+,Ms_Dot1l_4329_+,R2,(BC)GTTTAAGAGCTATGCTGGAA,GGTGGCCTCCTTGGTGGCCC,CRISPR Guide Capture,ENSMUSG00000061589,Dot1l
Ms_Dot1l_4335_-,Ms_Dot1l_4335_-,R2,(BC)GTTTAAGAGCTATGCTGGAA,AAGCCACAGTTACAAGACCA,CRISPR Guide Capture,ENSMUSG00000061589,Dot1l
Ms_Dot1l_4336_-,Ms_Dot1l_4336_-,R2,(BC)GTTTAAGAGCTATGCTGGAA,GAAGCCACAGTTACAAGACC,CRISPR Guide Capture,ENSMUSG00000061589,Dot1l
Ms_Dot1l_4343_+,Ms_Dot1l_4343_+,R2,(BC)GTTTAAGAGCTATGCTGGAA,TGGCCCTGGTCTTGTAACTG,CRISPR Guide Capture,ENSMUSG00000061589,Dot1l
Ms_Dot1l_4355_+,Ms_Dot1l_4355_+,R2,(BC)GTTTAAGAGCTATGCTGGAA,TGTAACTGTGGCTTCTTCTG,CRISPR Guide Capture,ENSMUSG00000061589,Dot1l
Ms_Dot1l_4356_+,Ms_Dot1l_4356_+,R2,(BC)GTTTAAGAGCTATGCTGGAA,GTAACTGTGGCTTCTTCTGC,CRISPR Guide Capture,ENSMUSG00000061589,Dot1l
Ms_Dot1l_4378_-,Ms_Dot1l_4378_-,R2,(BC)GTTTAAGAGCTATGCTGGAA,GGCCGGGGAGCCTGGGCAGT,CRISPR Guide Capture,ENSMUSG00000061589,Dot1l
Ms_Dot1l_4379_+,Ms_Dot1l_4379_+,R2,(BC)GTTTAAGAGCTATGCTGGAA,CAGTGCAACACCCACTGCCC,CRISPR Guide Capture,ENSMUSG00000061589,Dot1l
Ms_Dot1l_4385_-,Ms_Dot1l_4385_-,R2,(BC)GTTTAAGAGCTATGCTGGAA,CAGGAAAGGCCGGGGAGCCT,CRISPR Guide Capture,ENSMUSG00000061589,Dot1l
Ms_Dot1l_4387_+,Ms_Dot1l_4387_+,R2,(BC)GTTTAAGAGCTATGCTGGAA,CACCCACTGCCCAGGCTCCC,CRISPR Guide Capture,ENSMUSG00000061589,Dot1l
Ms_Dot1l_4393_-,Ms_Dot1l_4393_-,R2,(BC)GTTTAAGAGCTATGCTGGAA,AAGGTGCTCAGGAAAGGCCG,CRISPR Guide Capture,ENSMUSG00000061589,Dot1l
Ms_Dot1l_4395_-,Ms_Dot1l_4395_-,R2,(BC)GTTTAAGAGCTATGCTGGAA,CAAAGGTGCTCAGGAAAGGC,CRISPR Guide Capture,ENSMUSG00000061589,Dot1l
Ms_Dot1l_4399_-,Ms_Dot1l_4399_-,R2,(BC)GTTTAAGAGCTATGCTGGAA,GGGGCAAAGGTGCTCAGGAA,CRISPR Guide Capture,ENSMUSG00000061589,Dot1l
Ms_Dot1l_4404_-,Ms_Dot1l_4404_-,R2,(BC)GTTTAAGAGCTATGCTGGAA,GCCCGGGGGCAAAGGTGCTC,CRISPR Guide Capture,ENSMUSG00000061589,Dot1l
Ms_Dot1l_4412_-,Ms_Dot1l_4412_-,R2,(BC)GTTTAAGAGCTATGCTGGAA,AAACTGGGGCCCGGGGGCAA,CRISPR Guide Capture,ENSMUSG00000061589,Dot1l
Ms_Dot1l_4414_+,Ms_Dot1l_4414_+,R2,(BC)GTTTAAGAGCTATGCTGGAA,TCCTGAGCACCTTTGCCCCC,CRISPR Guide Capture,ENSMUSG00000061589,Dot1l
Ms_Dot1l_4418_-,Ms_Dot1l_4418_-,R2,(BC)GTTTAAGAGCTATGCTGGAA,CAGAGTAAACTGGGGCCCGG,CRISPR Guide Capture,ENSMUSG00000061589,Dot1l
Ms_Dot1l_4421_-,Ms_Dot1l_4421_-,R2,(BC)GTTTAAGAGCTATGCTGGAA,GCCCAGAGTAAACTGGGGCC,CRISPR Guide Capture,ENSMUSG00000061589,Dot1l
Ms_Dot1l_4426_-,Ms_Dot1l_4426_-,R2,(BC)GTTTAAGAGCTATGCTGGAA,ATGGGGCCCAGAGTAAACTG,CRISPR Guide Capture,ENSMUSG00000061589,Dot1l
Ms_Dot1l_4428_-,Ms_Dot1l_4428_-,R2,(BC)GTTTAAGAGCTATGCTGGAA,ACATGGGGCCCAGAGTAAAC,CRISPR Guide Capture,ENSMUSG00000061589,Dot1l
Ms_Dot1l_4430_+,Ms_Dot1l_4430_+,R2,(BC)GTTTAAGAGCTATGCTGGAA,CCCCGGGCCCCAGTTTACTC,CRISPR Guide Capture,ENSMUSG00000061589,Dot1l
Ms_Dot1l_4431_+,Ms_Dot1l_4431_+,R2,(BC)GTTTAAGAGCTATGCTGGAA,CCCGGGCCCCAGTTTACTCT,CRISPR Guide Capture,ENSMUSG00000061589,Dot1l
Ms_Dot1l_4443_-,Ms_Dot1l_4443_-,R2,(BC)GTTTAAGAGCTATGCTGGAA,GGTTGGCCTGCAGGGACATG,CRISPR Guide Capture,ENSMUSG00000061589,Dot1l
Ms_Dot1l_4445_-,Ms_Dot1l_4445_-,R2,(BC)GTTTAAGAGCTATGCTGGAA,CAGGTTGGCCTGCAGGGACA,CRISPR Guide Capture,ENSMUSG00000061589,Dot1l
Ms_Dot1l_4448_+,Ms_Dot1l_4448_+,R2,(BC)GTTTAAGAGCTATGCTGGAA,TCTGGGCCCCATGTCCCTGC,CRISPR Guide Capture,ENSMUSG00000061589,Dot1l
Ms_Dot1l_4451_-,Ms_Dot1l_4451_-,R2,(BC)GTTTAAGAGCTATGCTGGAA,AGAGCCCAGGTTGGCCTGCA,CRISPR Guide Capture,ENSMUSG00000061589,Dot1l
Ms_Dot1l_4452_-,Ms_Dot1l_4452_-,R2,(BC)GTTTAAGAGCTATGCTGGAA,CAGAGCCCAGGTTGGCCTGC,CRISPR Guide Capture,ENSMUSG00000061589,Dot1l
Ms_Dot1l_4457_+,Ms_Dot1l_4457_+,R2,(BC)GTTTAAGAGCTATGCTGGAA,CATGTCCCTGCAGGCCAACC,CRISPR Guide Capture,ENSMUSG00000061589,Dot1l
Ms_Dot1l_4458_+,Ms_Dot1l_4458_+,R2,(BC)GTTTAAGAGCTATGCTGGAA,ATGTCCCTGCAGGCCAACCT,CRISPR Guide Capture,ENSMUSG00000061589,Dot1l
Ms_Dot1l_4460_-,Ms_Dot1l_4460_-,R2,(BC)GTTTAAGAGCTATGCTGGAA,GCCGGCCACAGAGCCCAGGT,CRISPR Guide Capture,ENSMUSG00000061589,Dot1l
Ms_Dot1l_4464_-,Ms_Dot1l_4464_-,R2,(BC)GTTTAAGAGCTATGCTGGAA,AGGAGCCGGCCACAGAGCCC,CRISPR Guide Capture,ENSMUSG00000061589,Dot1l
Ms_Dot1l_4466_+,Ms_Dot1l_4466_+,R2,(BC)GTTTAAGAGCTATGCTGGAA,GCAGGCCAACCTGGGCTCTG,CRISPR Guide Capture,ENSMUSG00000061589,Dot1l
Ms_Dot1l_4470_+,Ms_Dot1l_4470_+,R2,(BC)GTTTAAGAGCTATGCTGGAA,GCCAACCTGGGCTCTGTGGC,CRISPR Guide Capture,ENSMUSG00000061589,Dot1l
Ms_Dot1l_4478_-,Ms_Dot1l_4478_-,R2,(BC)GTTTAAGAGCTATGCTGGAA,GGACTGCAGCACAGAGGAGC,CRISPR Guide Capture,ENSMUSG00000061589,Dot1l
Ms_Dot1l_4484_-,Ms_Dot1l_4484_-,R2,(BC)GTTTAAGAGCTATGCTGGAA,GAACAAGGACTGCAGCACAG,CRISPR Guide Capture,ENSMUSG00000061589,Dot1l
Ms_Dot1l_4499_-,Ms_Dot1l_4499_-,R2,(BC)GTTTAAGAGCTATGCTGGAA,AGCTGGCACAGTGCTGAACA,CRISPR Guide Capture,ENSMUSG00000061589,Dot1l
Ms_Dot1l_4516_-,Ms_Dot1l_4516_-,R2,(BC)GTTTAAGAGCTATGCTGGAA,TGCACCAGGCCTGCAGCAGC,CRISPR Guide Capture,ENSMUSG00000061589,Dot1l
Ms_Dot1l_4518_+,Ms_Dot1l_4518_+,R2,(BC)GTTTAAGAGCTATGCTGGAA,AGCACTGTGCCAGCTGCTGC,CRISPR Guide Capture,ENSMUSG00000061589,Dot1l
Ms_Dot1l_4523_+,Ms_Dot1l_4523_+,R2,(BC)GTTTAAGAGCTATGCTGGAA,TGTGCCAGCTGCTGCAGGCC,CRISPR Guide Capture,ENSMUSG00000061589,Dot1l
Ms_Dot1l_4530_-,Ms_Dot1l_4530_-,R2,(BC)GTTTAAGAGCTATGCTGGAA,CAGTGGACGACACATGCACC,CRISPR Guide Capture,ENSMUSG00000061589,Dot1l
Ms_Dot1l_4547_-,Ms_Dot1l_4547_-,R2,(BC)GTTTAAGAGCTATGCTGGAA,GTTGGTCAATCGGGTCGCAG,CRISPR Guide Capture,ENSMUSG00000061589,Dot1l
Ms_Dot1l_4556_-,Ms_Dot1l_4556_-,R2,(BC)GTTTAAGAGCTATGCTGGAA,GGTGTGTGAGTTGGTCAATC,CRISPR Guide Capture,ENSMUSG00000061589,Dot1l
Ms_Dot1l_4557_-,Ms_Dot1l_4557_-,R2,(BC)GTTTAAGAGCTATGCTGGAA,TGGTGTGTGAGTTGGTCAAT,CRISPR Guide Capture,ENSMUSG00000061589,Dot1l
Ms_Dot1l_4565_-,Ms_Dot1l_4565_-,R2,(BC)GTTTAAGAGCTATGCTGGAA,GCTGCCCATGGTGTGTGAGT,CRISPR Guide Capture,ENSMUSG00000061589,Dot1l
Ms_Dot1l_4571_+,Ms_Dot1l_4571_+,R2,(BC)GTTTAAGAGCTATGCTGGAA,ATTGACCAACTCACACACCA,CRISPR Guide Capture,ENSMUSG00000061589,Dot1l
Ms_Dot1l_4572_+,Ms_Dot1l_4572_+,R2,(BC)GTTTAAGAGCTATGCTGGAA,TTGACCAACTCACACACCAT,CRISPR Guide Capture,ENSMUSG00000061589,Dot1l
Ms_Dot1l_4577_-,Ms_Dot1l_4577_-,R2,(BC)GTTTAAGAGCTATGCTGGAA,CCCAGAAGAGAAGCTGCCCA,CRISPR Guide Capture,ENSMUSG00000061589,Dot1l
Ms_Dot1l_4587_+,Ms_Dot1l_4587_+,R2,(BC)GTTTAAGAGCTATGCTGGAA,ACCATGGGCAGCTTCTCTTC,CRISPR Guide Capture,ENSMUSG00000061589,Dot1l
Ms_Dot1l_4589_+,Ms_Dot1l_4589_+,R2,(BC)GTTTAAGAGCTATGCTGGAA,CATGGGCAGCTTCTCTTCTG,CRISPR Guide Capture,ENSMUSG00000061589,Dot1l
Ms_Dot1l_4592_+,Ms_Dot1l_4592_+,R2,(BC)GTTTAAGAGCTATGCTGGAA,GGGCAGCTTCTCTTCTGGGG,CRISPR Guide Capture,ENSMUSG00000061589,Dot1l
Ms_Dot1l_4596_+,Ms_Dot1l_4596_+,R2,(BC)GTTTAAGAGCTATGCTGGAA,AGCTTCTCTTCTGGGGTGGC,CRISPR Guide Capture,ENSMUSG00000061589,Dot1l
Ms_Dot1l_4599_+,Ms_Dot1l_4599_+,R2,(BC)GTTTAAGAGCTATGCTGGAA,TTCTCTTCTGGGGTGGCCGG,CRISPR Guide Capture,ENSMUSG00000061589,Dot1l
